adjusted_reports,chain_id,dimension,gross_gain_usd,key,loss_usd,net_yield_usd,priced_reports,raw_gross_gain_usd,raw_loss_usd,raw_net_yield_usd,reports,strategy_address,unpriced_reports,vault_address
0,42161,vault,309.4515135584918977845419,42161:0xc0ba9bfED28aB46Da48d2B69316A3838698EF3f5,0,309.4515135584918977845419,95,309.4515135584918977845419,0,309.4515135584918977845419,181,,86,0xc0ba9bfED28aB46Da48d2B69316A3838698EF3f5
0,42161,vault,2640.0366708913493952024823,42161:0x6FAF8b7fFeE3306EfcFc2BA9Fec912b4d49834C1,0.000004997880,2640.0366658934693952024823,164,2640.0366708913493952024823,0.000004997880,2640.0366658934693952024823,164,,0,0x6FAF8b7fFeE3306EfcFc2BA9Fec912b4d49834C1
0,42161,vault,43023.6472262759628867799945,42161:0x9FA306b1F4a6a83FEC98d8eBbaBEDfF78C407f6B,0.0000009999615106177471,43023.6472252760013761622474,611,43023.6472262759628867799945,0.0000009999615106177471,43023.6472252760013761622474,611,,0,0x9FA306b1F4a6a83FEC98d8eBbaBEDfF78C407f6B
0,42161,vault,5698.9564189639753880991008,42161:0xDa3b69a45797DCA697Ff5bB2c10682f14373c063,0,5698.9564189639753880991008,273,5698.9564189639753880991008,0,5698.9564189639753880991008,273,,0,0xDa3b69a45797DCA697Ff5bB2c10682f14373c063
0,42161,vault,76.16026366433750644732073377,42161:0x7DEB119b92b76f78C212bc54FBBb34CEA75f4d4A,0,76.16026366433750644732073377,211,76.16026366433750644732073377,0,76.16026366433750644732073377,211,,0,0x7DEB119b92b76f78C212bc54FBBb34CEA75f4d4A
0,42161,vault,14168.95560859373980154057475,42161:0x252b965400862d94BDa35FeCF7Ee0f204a53Cc36,25254.95633250800403382045576,-11086.00072391426423227988099,937,14168.95560859373980154057475,25254.95633250800403382045576,-11086.00072391426423227988099,937,,0,0x252b965400862d94BDa35FeCF7Ee0f204a53Cc36
0,8453,vault,0.2756781089538773667832,8453:0xd80c675366966Ef42B175125BBf1AcB1DB4151ac,0,0.2756781089538773667832,33,0.2756781089538773667832,0,0.2756781089538773667832,33,,0,0xd80c675366966Ef42B175125BBf1AcB1DB4151ac
0,8453,vault,0.02737016814925320199797221594,8453:0x630dB4ae19219025dF594c943B638B5aCb5e9D18,0,0.02737016814925320199797221594,37,0.02737016814925320199797221594,0,0.02737016814925320199797221594,37,,0,0x630dB4ae19219025dF594c943B638B5aCb5e9D18
0,8453,vault,25343.4710366180436271417062,8453:0xc3BD0A2193c8F027B82ddE3611D18589ef3f62a9,0.0001739519217390185977,25343.4708626661218881231085,547,25343.4710366180436271417062,0.0001739519217390185977,25343.4708626661218881231085,547,,0,0xc3BD0A2193c8F027B82ddE3611D18589ef3f62a9
0,8453,vault,896.4950488361372872917552914,8453:0x4d81C7d534D703E0a0AECaDF668C0E0253E1f1C3,0,896.4950488361372872917552914,370,896.4950488361372872917552914,0,896.4950488361372872917552914,370,,0,0x4d81C7d534D703E0a0AECaDF668C0E0253E1f1C3
0,8453,vault,1.616347878193995717070792455,8453:0x989381F7eFb45F97E46BE9f390a69c5d94bf9e17,0,1.616347878193995717070792455,87,1.616347878193995717070792455,0,1.616347878193995717070792455,87,,0,0x989381F7eFb45F97E46BE9f390a69c5d94bf9e17
0,8453,vault,416.8618747220512186836,8453:0x25f32eC89ce7732A4E9f8F3340a09259F823b7d3,0.278379990,416.5834947320512186836,184,416.8618747220512186836,0.278379990,416.5834947320512186836,184,,0,0x25f32eC89ce7732A4E9f8F3340a09259F823b7d3
0,8453,vault,52532.8320798295176147271238,8453:0xb13CF163d916917d9cD6E836905cA5f12a1dEF4B,0,52532.8320798295176147271238,384,52532.8320798295176147271238,0,52532.8320798295176147271238,384,,0,0xb13CF163d916917d9cD6E836905cA5f12a1dEF4B
2,1,vault,20088507.40344164827300310499,1:0x19D3364A399d251E894aC732651be8B0E4e85001,21576.55748633461065070064150,20066930.84595531366235240435,952,25446873.26422189666925141143,4964264.024983430144013180507,20482609.23923846652523823093,952,,0,0x19D3364A399d251E894aC732651be8B0E4e85001
0,1,vault,48216.20033149877403268983404,1:0x27b7b1ad7288079A66d12350c828D3C00A6F07d7,0,48216.20033149877403268983404,11,48216.20033149877403268983404,0,48216.20033149877403268983404,516,,505,0x27b7b1ad7288079A66d12350c828D3C00A6F07d7
0,1,vault,596.6624479479821825346253931,1:0x23D3D0f1c697247d5e0a9efB37d8b0ED0C464f7f,0,596.6624479479821825346253931,2,596.6624479479821825346253931,0,596.6624479479821825346253931,73,,71,0x23D3D0f1c697247d5e0a9efB37d8b0ED0C464f7f
0,1,vault,12514.36423825081749299127269,1:0x2a38B9B0201Ca39B17B460eD2f11e4929559071E,0,12514.36423825081749299127269,24,12514.36423825081749299127269,0,12514.36423825081749299127269,129,,105,0x2a38B9B0201Ca39B17B460eD2f11e4929559071E
0,1,vault,2859.742366561364634228489152,1:0x30FCf7c6cDfC46eC237783D94Fc78553E79d4E9C,0,2859.742366561364634228489152,14,2859.742366561364634228489152,0,2859.742366561364634228489152,162,,148,0x30FCf7c6cDfC46eC237783D94Fc78553E79d4E9C
0,1,vault,0,1:0x1C6a9783F812b3Af3aBbf7de64c3cD7CC7D1af44,0,0,0,0,0,0,99,,99,0x1C6a9783F812b3Af3aBbf7de64c3cD7CC7D1af44
0,1,vault,323222.9403380467761091792506,1:0x3B96d491f067912D18563d56858Ba7d6EC67a6fa,0,323222.9403380467761091792506,18,323222.9403380467761091792506,0,323222.9403380467761091792506,723,,705,0x3B96d491f067912D18563d56858Ba7d6EC67a6fa
0,1,vault,113.7543534453549332468837266,1:0x39CAF13a104FF567f71fd2A4c68C026FDB6E740B,0,113.7543534453549332468837266,2,113.7543534453549332468837266,0,113.7543534453549332468837266,96,,94,0x39CAF13a104FF567f71fd2A4c68C026FDB6E740B
0,1,vault,1256.705517518339053059961552,1:0x132d8D2C76Db3812403431fAcB00F3453Fc42125,0,1256.705517518339053059961552,24,1256.705517518339053059961552,0,1256.705517518339053059961552,151,,127,0x132d8D2C76Db3812403431fAcB00F3453Fc42125
0,1,vault,4936.515714969290469595189644,1:0x25212Df29073FfFA7A67399AcEfC2dd75a831A1A,0,4936.515714969290469595189644,16,4936.515714969290469595189644,0,4936.515714969290469595189644,294,,278,0x25212Df29073FfFA7A67399AcEfC2dd75a831A1A
0,1,vault,0,1:0x054AF22E1519b020516D72D749221c24756385C9,0,0,0,0,0,0,59,,59,0x054AF22E1519b020516D72D749221c24756385C9
0,1,vault,0,1:0x3D980E50508CFd41a13837A60149927a11c03731,0,0,0,0,0,0,146,,146,0x3D980E50508CFd41a13837A60149927a11c03731
0,1,vault,0,1:0x0d4EA8536F9A13e4FBa16042a46c30f092b06aA5,0,0,1,0,0,0,10,,9,0x0d4EA8536F9A13e4FBa16042a46c30f092b06aA5
0,1,vault,74366.56458563723853228698986,1:0x2DfB14E32e2F8156ec15a2c21c3A6c053af52Be8,0,74366.56458563723853228698986,32,74366.56458563723853228698986,0,74366.56458563723853228698986,151,,119,0x2DfB14E32e2F8156ec15a2c21c3A6c053af52Be8
0,1,vault,0,1:0x1b905331F7dE2748F4D6a0678e1521E20347643F,0,0,2,0,0,0,9,,7,0x1b905331F7dE2748F4D6a0678e1521E20347643F
0,1,vault,110.8088256064336003008108126,1:0x16825039dfe2a5b01F3E1E6a2BBF9a576c6F95c4,0,110.8088256064336003008108126,1,110.8088256064336003008108126,0,110.8088256064336003008108126,8,,7,0x16825039dfe2a5b01F3E1E6a2BBF9a576c6F95c4
0,1,vault,178158.7138485422873733865766,1:0x378cb52b00F9D0921cb46dFc099CFf73b42419dC,0.6530204356243044101998179373,178158.0608281066630689763768,140,178158.7138485422873733865766,0.6530204356243044101998179373,178158.0608281066630689763768,140,,0,0x378cb52b00F9D0921cb46dFc099CFf73b42419dC
0,1,vault,0,1:0x2D5D4869381C4Fce34789BC1D38aCCe747E295AE,0,0,2,0,0,0,13,,11,0x2D5D4869381C4Fce34789BC1D38aCCe747E295AE
0,1,vault,323789.6606157660164842638206,1:0x1635b506a88fBF428465Ad65d00e8d6B6E5846C3,0,323789.6606157660164842638206,37,323789.6606157660164842638206,0,323789.6606157660164842638206,50,,13,0x1635b506a88fBF428465Ad65d00e8d6B6E5846C3
0,1,vault,158120.7437490698655933280699,1:0x341bb10D8f5947f3066502DC8125d9b8949FD3D6,0,158120.7437490698655933280699,20,158120.7437490698655933280699,0,158120.7437490698655933280699,21,,1,0x341bb10D8f5947f3066502DC8125d9b8949FD3D6
0,1,vault,1297705.354253085077264571564,1:0x3B27F92C0e212C671EA351827EDF93DB27cc0c65,0.0000050051356256200552,1297705.354248079941638951510,249,1297705.354253085077264571564,0.0000050051356256200552,1297705.354248079941638951510,249,,0,0x3B27F92C0e212C671EA351827EDF93DB27cc0c65
0,1,vault,17073694.38357808821574580754,1:0x27B5739e22ad9033bcBf192059122d163b60349D,0,17073694.38357808821574580754,1069,17073694.38357808821574580754,0,17073694.38357808821574580754,1103,,34,0x27B5739e22ad9033bcBf192059122d163b60349D
0,1,vault,1403.917058552714126189133981,1:0x2D59aa422A7AaE58038CF8aE6eD07330Cc7d3ae8,0,1403.917058552714126189133981,21,1403.917058552714126189133981,0,1403.917058552714126189133981,30,,9,0x2D59aa422A7AaE58038CF8aE6eD07330Cc7d3ae8
0,1,vault,6035.259798163330907838677260,1:0x133cb5cF617a33F5D02cFFfF579435776ef29FB0,0,6035.259798163330907838677260,16,6035.259798163330907838677260,0,6035.259798163330907838677260,25,,9,0x133cb5cF617a33F5D02cFFfF579435776ef29FB0
0,1,vault,0,1:0x1A5ebfF0E881Aec34837845e4D0EB430a1B4b737,0,0,31,0,0,0,31,,0,0x1A5ebfF0E881Aec34837845e4D0EB430a1B4b737
0,1,vault,2416.706953366894853354694819,1:0x00e8Eb340f8AF587EEA6200D2081E31dC87285ac,0,2416.706953366894853354694819,39,2416.706953366894853354694819,0,2416.706953366894853354694819,43,,4,0x00e8Eb340f8AF587EEA6200D2081E31dC87285ac
0,1,vault,405609.7158676783097496636333,1:0x04c8bfe2eb09a1e2e9fA97A2fd970E06d87B43de,0,405609.7158676783097496636333,248,405609.7158676783097496636333,0,405609.7158676783097496636333,255,,7,0x04c8bfe2eb09a1e2e9fA97A2fd970E06d87B43de
0,1,vault,24319.24515119166041730605059,1:0x321d570790fd2f109Fe4e55aa419Adf2fce0c842,0,24319.24515119166041730605059,73,24319.24515119166041730605059,0,24319.24515119166041730605059,74,,1,0x321d570790fd2f109Fe4e55aa419Adf2fce0c842
0,1,vault,0,1:0x3221BFBE308144f19089CB197b7C11c2Bf495906,0,0,1,0,0,0,1,,0,0x3221BFBE308144f19089CB197b7C11c2Bf495906
0,1,vault,0,1:0x04D549bAfE83B8BdCCC8dF38F15b90199D20f1eE,0,0,3,0,0,0,3,,0,0x04D549bAfE83B8BdCCC8dF38F15b90199D20f1eE
0,1,vault,855.8696161336729696520495695,1:0x2Ab6578239eD541Ef7cC7D11a45D740cE9F0a1F4,0,855.8696161336729696520495695,25,855.8696161336729696520495695,0,855.8696161336729696520495695,31,,6,0x2Ab6578239eD541Ef7cC7D11a45D740cE9F0a1F4
0,1,vault,312977.7855430063108930797666,1:0x2fB06235aB90812e5BaE28404024C9498fF9414d,0,312977.7855430063108930797666,8,312977.7855430063108930797666,0,312977.7855430063108930797666,8,,0,0x2fB06235aB90812e5BaE28404024C9498fF9414d
0,1,vault,324.4979902155657783479526844,1:0x1C97e67Dc7ca179aE82E0c4AFF4Af9ff66612A43,0,324.4979902155657783479526844,26,324.4979902155657783479526844,0,324.4979902155657783479526844,28,,2,0x1C97e67Dc7ca179aE82E0c4AFF4Af9ff66612A43
0,1,vault,48369.62778760381539552721149,1:0x150F76e1339A918BaA38338ED9bd695Bd0924Bcf,0,48369.62778760381539552721149,109,48369.62778760381539552721149,0,48369.62778760381539552721149,118,,9,0x150F76e1339A918BaA38338ED9bd695Bd0924Bcf
0,1,vault,0,1:0x03eaE26089A8c28DDC4c81d65bEfE014C793A60d,0,0,2,0,0,0,2,,0,0x03eaE26089A8c28DDC4c81d65bEfE014C793A60d
0,1,vault,183962.5329928435120885110015,1:0x241AdD131B9aaa7527132b752252b99420937ADc,0,183962.5329928435120885110015,203,183962.5329928435120885110015,0,183962.5329928435120885110015,203,,0,0x241AdD131B9aaa7527132b752252b99420937ADc
0,1,vault,16425.04026479970508343319008,1:0x0DAa35A1735152EDb928239c1712883Dd8Eb976f,0,16425.04026479970508343319008,48,16425.04026479970508343319008,0,16425.04026479970508343319008,48,,0,0x0DAa35A1735152EDb928239c1712883Dd8Eb976f
0,1,vault,4255.377668416739238145408772,1:0x01B01C4A1F4C522aD341A9da5eaA48aF207ab3Ec,0,4255.377668416739238145408772,21,4255.377668416739238145408772,0,4255.377668416739238145408772,31,,10,0x01B01C4A1F4C522aD341A9da5eaA48aF207ab3Ec
0,1,vault,4178.641698019487178594928225,1:0x2a82DcdcBfB88e92021B8BcC3DA22703a2E4459c,0,4178.641698019487178594928225,14,4178.641698019487178594928225,0,4178.641698019487178594928225,14,,0,0x2a82DcdcBfB88e92021B8BcC3DA22703a2E4459c
0,1,vault,4787.296283070461561036453518,1:0x2E2b268cbC86917D2809CE2715A19E58a210FceE,0,4787.296283070461561036453518,9,4787.296283070461561036453518,0,4787.296283070461561036453518,26,,17,0x2E2b268cbC86917D2809CE2715A19E58a210FceE
0,1,vault,8697.185221323821920250355952,1:0x30B801F933e676Cb25892D1838FDCC00A1dde4cf,0,8697.185221323821920250355952,34,8697.185221323821920250355952,0,8697.185221323821920250355952,44,,10,0x30B801F933e676Cb25892D1838FDCC00A1dde4cf
0,1,vault,17152.66302280437161396910730,1:0x2027D3b2B58F522178cE4cC4E86e99b7C4DE3876,0,17152.66302280437161396910730,24,17152.66302280437161396910730,0,17152.66302280437161396910730,42,,18,0x2027D3b2B58F522178cE4cC4E86e99b7C4DE3876
0,1,vault,0,1:0x133dAa2Fa268b36E088b2BE1358857D41a8369eb,0,0,2,0,0,0,3,,1,0x133dAa2Fa268b36E088b2BE1358857D41a8369eb
0,1,vault,87762.89374984701757519409064,1:0x2c8a33C66c00264316Ea4E4433e86A386Eb6ECBf,0,87762.89374984701757519409064,114,87762.89374984701757519409064,0,87762.89374984701757519409064,190,,76,0x2c8a33C66c00264316Ea4E4433e86A386Eb6ECBf
0,1,vault,1175.361134295785385722182583,1:0x2D85Ac3F2AeD4f0A14DC6852f1725240E47Cfc1f,0,1175.361134295785385722182583,29,1175.361134295785385722182583,0,1175.361134295785385722182583,31,,2,0x2D85Ac3F2AeD4f0A14DC6852f1725240E47Cfc1f
0,1,vault,421499.2903074213796540565182,1:0x342D24F2a3233F7Ac8A7347fA239187BFd186066,0,421499.2903074213796540565182,557,421499.2903074213796540565182,0,421499.2903074213796540565182,604,,47,0x342D24F2a3233F7Ac8A7347fA239187BFd186066
0,1,vault,902812.0264428563939806921397,1:0x1Fc80CfCF5B345b904A0fB36d4222196Ed9eB8a5,0,902812.0264428563939806921397,611,902812.0264428563939806921397,0,902812.0264428563939806921397,611,,0,0x1Fc80CfCF5B345b904A0fB36d4222196Ed9eB8a5
0,1,vault,11585.43721227044151150163624,1:0x08c0833AF1331831759b8e0BFeF1BC5738436325,0,11585.43721227044151150163624,221,11585.43721227044151150163624,0,11585.43721227044151150163624,233,,12,0x08c0833AF1331831759b8e0BFeF1BC5738436325
0,1,vault,0,1:0x20F6A2ec303dF7120eAe3346dE5aD877f80Beb64,0,0,2,0,0,0,2,,0,0x20F6A2ec303dF7120eAe3346dE5aD877f80Beb64
0,1,vault,0,1:0x1bb04fCBC210bAA384531079ed7f59d9149309ba,0,0,1,0,0,0,2,,1,0x1bb04fCBC210bAA384531079ed7f59d9149309ba
0,1,vault,12259.26744893750711741778615,1:0x18f85861488380a7577c73B25df1C4458e5191F8,0,12259.26744893750711741778615,181,12259.26744893750711741778615,0,12259.26744893750711741778615,181,,0,0x18f85861488380a7577c73B25df1C4458e5191F8
0,1,vault,1908.788095421088795779919367,1:0x17EaFb42d42FeDc0B950bbCc73FA532216322e7D,0,1908.788095421088795779919367,7,1908.788095421088795779919367,0,1908.788095421088795779919367,7,,0,0x17EaFb42d42FeDc0B950bbCc73FA532216322e7D
0,1,vault,0,1:0x2F11d0Cf731F1D7C79b7D8e718BF5CB1bd55E7aB,0,0,1,0,0,0,1,,0,0x2F11d0Cf731F1D7C79b7D8e718BF5CB1bd55E7aB
0,1,vault,2803.447158175102405583936398,1:0x0Bd7B7d511d9f60D5Fa5846A9B911168C5a82094,0,2803.447158175102405583936398,47,2803.447158175102405583936398,0,2803.447158175102405583936398,75,,28,0x0Bd7B7d511d9f60D5Fa5846A9B911168C5a82094
0,1,vault,482.1927368335483992718920760,1:0x0a35322c5C9Dd22fF592bfC5b134c5CE78154d10,0,482.1927368335483992718920760,4,482.1927368335483992718920760,0,482.1927368335483992718920760,4,,0,0x0a35322c5C9Dd22fF592bfC5b134c5CE78154d10
0,1,vault,0,1:0x332142140F3791ca7726e4CfC184Fb737F43918C,0,0,2,0,0,0,2,,0,0x332142140F3791ca7726e4CfC184Fb737F43918C
0,1,vault,0,1:0x0ca8Eb6546AC5ff2055320c2c6e629d55e2d4014,0,0,1,0,0,0,1,,0,0x0ca8Eb6546AC5ff2055320c2c6e629d55e2d4014
0,1,vault,11539.24828250666903254303004,1:0x0844C227b892be5d7c837000C096f64bFc316c2d,0,11539.24828250666903254303004,80,11539.24828250666903254303004,0,11539.24828250666903254303004,80,,0,0x0844C227b892be5d7c837000C096f64bFc316c2d
0,1,vault,962.4276789219516768497791624,1:0x22c64f32b5FeA40D7D387CA875D079d80415F988,0,962.4276789219516768497791624,46,962.4276789219516768497791624,0,962.4276789219516768497791624,46,,0,0x22c64f32b5FeA40D7D387CA875D079d80415F988
0,1,vault,0,1:0x03f8CCf5b5004B55309e949ea9D08136a32E9C5d,0,0,28,0,0,0,28,,0,0x03f8CCf5b5004B55309e949ea9D08136a32E9C5d
0,1,vault,1377.908942569669910910987444,1:0x192725C6516656f3e288c08Db8228c25Fe1f77D5,0,1377.908942569669910910987444,19,1377.908942569669910910987444,0,1377.908942569669910910987444,19,,0,0x192725C6516656f3e288c08Db8228c25Fe1f77D5
0,1,vault,31255930.93639161758891815687,1:0x5f18C75AbDAe578b483E5F43f12a39cF75b973a9,4795.7526310003760447749844,31251135.18376061721287338187,1193,31255930.93639161758891815687,4795.7526310003760447749844,31251135.18376061721287338187,1193,,0,0x5f18C75AbDAe578b483E5F43f12a39cF75b973a9
0,1,vault,27166.73663702115297686781758,1:0x625b7DF2fa8aBe21B0A976736CDa4775523aeD1E,0,27166.73663702115297686781758,26,27166.73663702115297686781758,0,27166.73663702115297686781758,186,,160,0x625b7DF2fa8aBe21B0A976736CDa4775523aeD1E
0,1,vault,77.65114669483620848166349465,1:0x7047F90229a057C13BF847C0744D646CFb6c9E1A,0,77.65114669483620848166349465,2,77.65114669483620848166349465,0,77.65114669483620848166349465,70,,68,0x7047F90229a057C13BF847C0744D646CFb6c9E1A
0,1,vault,75.93146044412840424042506374,1:0x3c5DF3077BcF800640B5DAE8c91106575a4826E6,0,75.93146044412840424042506374,8,75.93146044412840424042506374,0,75.93146044412840424042506374,171,,163,0x3c5DF3077BcF800640B5DAE8c91106575a4826E6
0,1,vault,63193.29334680549482478530448,1:0x5fA5B62c8AF877CB37031e0a3B2f34A78e3C56A6,0,63193.29334680549482478530448,41,63193.29334680549482478530448,0,63193.29334680549482478530448,400,,359,0x5fA5B62c8AF877CB37031e0a3B2f34A78e3C56A6
0,1,vault,0,1:0x4B5BfD52124784745c1071dcB244C6688d2533d3,0,0,134,0,0,0,134,,0,0x4B5BfD52124784745c1071dcB244C6688d2533d3
0,1,vault,13465.16963630266628861979300,1:0x6Ede7F19df5df6EF23bD5B9CeDb651580Bdf56Ca,0,13465.16963630266628861979300,15,13465.16963630266628861979300,0,13465.16963630266628861979300,222,,207,0x6Ede7F19df5df6EF23bD5B9CeDb651580Bdf56Ca
0,1,vault,0,1:0x5a770DbD3Ee6bAF2802D29a901Ef11501C44797A,0,0,152,0,0,0,152,,0,0x5a770DbD3Ee6bAF2802D29a901Ef11501C44797A
0,1,vault,547992.7496627621553723838940,1:0x671a912C10bba0CFA74Cfc2d6Fba9BA1ed9530B2,0,547992.7496627621553723838940,124,547992.7496627621553723838940,0,547992.7496627621553723838940,124,,0,0x671a912C10bba0CFA74Cfc2d6Fba9BA1ed9530B2
0,1,vault,159577.1845742855681960326004,1:0x6d765CbE5bC922694afE112C140b8878b9FB0390,0,159577.1845742855681960326004,88,159577.1845742855681960326004,0,159577.1845742855681960326004,88,,0,0x6d765CbE5bC922694afE112C140b8878b9FB0390
0,1,vault,10432.22612994777963125536659,1:0x4A3FE75762017DB0eD73a71C9A06db7768DB5e66,0,10432.22612994777963125536659,32,10432.22612994777963125536659,0,10432.22612994777963125536659,32,,0,0x4A3FE75762017DB0eD73a71C9A06db7768DB5e66
0,1,vault,17566.39126181987837065965298,1:0x4560b99C904aAD03027B5178CCa81584744AC01f,0,17566.39126181987837065965298,5,17566.39126181987837065965298,0,17566.39126181987837065965298,16,,11,0x4560b99C904aAD03027B5178CCa81584744AC01f
0,1,vault,94623.74785106207147850504250,1:0x67e019bfbd5a67207755D04467D6A70c0B75bF60,0,94623.74785106207147850504250,22,94623.74785106207147850504250,0,94623.74785106207147850504250,56,,34,0x67e019bfbd5a67207755D04467D6A70c0B75bF60
0,1,vault,61.19864560505462614269965380,1:0x595a68a8c9D5C230001848B69b1947ee2A607164,0,61.19864560505462614269965380,3,61.19864560505462614269965380,0,61.19864560505462614269965380,37,,34,0x595a68a8c9D5C230001848B69b1947ee2A607164
0,1,vault,0,1:0x6FAfCA7f49B4Fd9dC38117469cd31A1E5aec91F5,0,0,0,0,0,0,3,,3,0x6FAfCA7f49B4Fd9dC38117469cd31A1E5aec91F5
0,1,vault,0,1:0x59518884EeBFb03e90a18ADBAAAB770d4666471e,0,0,1,0,0,0,12,,11,0x59518884EeBFb03e90a18ADBAAAB770d4666471e
0,1,vault,0,1:0x718AbE90777F5B778B52D553a5aBaa148DD0dc5D,0,0,0,0,0,0,6,,6,0x718AbE90777F5B778B52D553a5aBaa148DD0dc5D
0,1,vault,16951.03957089106186400691247,1:0x528D50dC9a333f01544177a924893FA1F5b9F748,0,16951.03957089106186400691247,13,16951.03957089106186400691247,0,16951.03957089106186400691247,43,,30,0x528D50dC9a333f01544177a924893FA1F5b9F748
0,1,vault,46182.62080334211838135180135,1:0x490bD0886F221A5F79713D3E84404355A9293C50,0,46182.62080334211838135180135,17,46182.62080334211838135180135,0,46182.62080334211838135180135,29,,12,0x490bD0886F221A5F79713D3E84404355A9293C50
0,1,vault,67955.63500283256755902797411,1:0x5AB64C599FcC59f0f2726A300b03166A395578Da,0,67955.63500283256755902797411,26,67955.63500283256755902797411,0,67955.63500283256755902797411,35,,9,0x5AB64C599FcC59f0f2726A300b03166A395578Da
0,1,vault,0,1:0x6A5468752f8DB94134B6508dAbAC54D3b45efCE6,0,0,46,0,0,0,46,,0,0x6A5468752f8DB94134B6508dAbAC54D3b45efCE6
0,1,vault,258.0545875075651552512277086,1:0x5c0A86A32c129538D62C106Eb8115a8b02358d57,0,258.0545875075651552512277086,2,258.0545875075651552512277086,0,258.0545875075651552512277086,12,,10,0x5c0A86A32c129538D62C106Eb8115a8b02358d57
0,1,vault,0,1:0x5faF6a2D186448Dfa667c51CB3D695c7A6E52d8E,0,0,0,0,0,0,8,,8,0x5faF6a2D186448Dfa667c51CB3D695c7A6E52d8E
0,1,vault,0,1:0x4213458C69c19E6792510E1153cb0c5834665fdC,0,0,0,0,0,0,2,,2,0x4213458C69c19E6792510E1153cb0c5834665fdC
0,1,vault,143750.5550380057650955380033,1:0x5B8C556B8b2a78696F0B9B830B3d67623122E270,0,143750.5550380057650955380033,120,143750.5550380057650955380033,0,143750.5550380057650955380033,120,,0,0x5B8C556B8b2a78696F0B9B830B3d67623122E270
0,1,vault,3229.365746008277750586878885,1:0x5331009B82853e9FB711bC0b300E1b374724AdaC,0,3229.365746008277750586878885,10,3229.365746008277750586878885,0,3229.365746008277750586878885,22,,12,0x5331009B82853e9FB711bC0b300E1b374724AdaC
0,1,vault,0,1:0x6f0Ace0F94f4B9890Dfa99A4175B3Ef0288C16B3,0,0,31,0,0,0,31,,0,0x6f0Ace0F94f4B9890Dfa99A4175B3Ef0288C16B3
0,1,vault,0,1:0x5b2384D566D2E4a0b29B8eccB642C63199cd393c,0,0,37,0,0,0,37,,0,0x5b2384D566D2E4a0b29B8eccB642C63199cd393c
0,1,vault,41556.09310234633630977122593,1:0x4CbB6A5EC00cEEC252a7091559484F7adb83165f,0,41556.09310234633630977122593,50,41556.09310234633630977122593,0,41556.09310234633630977122593,52,,2,0x4CbB6A5EC00cEEC252a7091559484F7adb83165f
0,1,vault,2225.927056949323232353990480,1:0x571B384636BA518697d745AC218aD4cEE5EE0ABC,0,2225.927056949323232353990480,22,2225.927056949323232353990480,0,2225.927056949323232353990480,23,,1,0x571B384636BA518697d745AC218aD4cEE5EE0ABC
0,1,vault,3332.113143214632425293204932,1:0x63c5c0604Ec410130C69C958aCab81794f7a622F,0,3332.113143214632425293204932,39,3332.113143214632425293204932,0,3332.113143214632425293204932,39,,0,0x63c5c0604Ec410130C69C958aCab81794f7a622F
0,1,vault,0,1:0x5CBF567cb0C3D319A052C91eFB3B3318899338DF,0,0,17,0,0,0,17,,0,0x5CBF567cb0C3D319A052C91eFB3B3318899338DF
0,1,vault,0,1:0x429EA2d8d5B06CA40dD986FaC0734BA0E0CaC022,0,0,11,0,0,0,11,,0,0x429EA2d8d5B06CA40dD986FaC0734BA0E0CaC022
0,1,vault,16036.05632859369050081921174,1:0x3a51269E0707A3416044bad5066858A12198fCf5,0,16036.05632859369050081921174,62,16036.05632859369050081921174,0,16036.05632859369050081921174,65,,3,0x3a51269E0707A3416044bad5066858A12198fCf5
0,1,vault,7859.072975228270369298218878,1:0x5359680A80c1FB2175cD33efF32f762e43cD8C41,0,7859.072975228270369298218878,26,7859.072975228270369298218878,0,7859.072975228270369298218878,35,,9,0x5359680A80c1FB2175cD33efF32f762e43cD8C41
0,1,vault,340.1382074894112446742396181,1:0x708c42E0236fe8f5916C5638a462Ee83DA99d07b,0,340.1382074894112446742396181,34,340.1382074894112446742396181,0,340.1382074894112446742396181,35,,1,0x708c42E0236fe8f5916C5638a462Ee83DA99d07b
0,1,vault,77732.52307176877775592469360,1:0x6a7A0481e476827857704B87bdeE7922D058cbE4,0,77732.52307176877775592469360,48,77732.52307176877775592469360,0,77732.52307176877775592469360,62,,14,0x6a7A0481e476827857704B87bdeE7922D058cbE4
0,1,vault,0,1:0x6c6371E15499FedCdadEE06ADc5b55680b3d0785,0,0,2,0,0,0,2,,0,0x6c6371E15499FedCdadEE06ADc5b55680b3d0785
0,1,vault,21730.91216050968496990447391,1:0x5F208d3a8b13062adE45a33Ca9Bc8de64D520CB9,0,21730.91216050968496990447391,64,21730.91216050968496990447391,0,21730.91216050968496990447391,65,,1,0x5F208d3a8b13062adE45a33Ca9Bc8de64D520CB9
0,1,vault,1759.580211373862542951791969,1:0x507c6dE33f50c0505F77F598c0B3CA7b5fEB3D68,0,1759.580211373862542951791969,63,1759.580211373862542951791969,0,1759.580211373862542951791969,87,,24,0x507c6dE33f50c0505F77F598c0B3CA7b5fEB3D68
0,1,vault,974508.3343957864846525517454,1:0x6E9455D109202b426169F0d8f01A3332DAE160f3,0,974508.3343957864846525517454,394,974508.3343957864846525517454,0,974508.3343957864846525517454,435,,41,0x6E9455D109202b426169F0d8f01A3332DAE160f3
0,1,vault,1073.609376979388319819518487,1:0x65346970F0f66CCAd8a5bfc3a03C96836C1897bE,0,1073.609376979388319819518487,18,1073.609376979388319819518487,0,1073.609376979388319819518487,27,,9,0x65346970F0f66CCAd8a5bfc3a03C96836C1897bE
0,1,vault,5369.507831278109782071774244,1:0x63bD3Bbb6c5cb6E457C3f3cbb2D8aa2536E319F1,0,5369.507831278109782071774244,28,5369.507831278109782071774244,0,5369.507831278109782071774244,28,,0,0x63bD3Bbb6c5cb6E457C3f3cbb2D8aa2536E319F1
0,1,vault,0,1:0x3e720ba935Bf137d45a3c98938DB1f4C8517298E,0,0,1,0,0,0,1,,0,0x3e720ba935Bf137d45a3c98938DB1f4C8517298E
0,1,vault,83807.81297984647548812914863,1:0x3f34A7eF4f17528CbFFb7817060941BCdaC924fa,0,83807.81297984647548812914863,110,83807.81297984647548812914863,0,83807.81297984647548812914863,111,,1,0x3f34A7eF4f17528CbFFb7817060941BCdaC924fa
0,1,vault,3741.132415591043783229703959,1:0x445F62Ee351E57cACBF3161F66562Ff2B1261db4,0,3741.132415591043783229703959,20,3741.132415591043783229703959,0,3741.132415591043783229703959,22,,2,0x445F62Ee351E57cACBF3161F66562Ff2B1261db4
0,1,vault,203069.7415459007169330756386,1:0x6949145469362F9eeaB3c96Ea41b51D9B4cC2b21,0,203069.7415459007169330756386,125,203069.7415459007169330756386,0,203069.7415459007169330756386,125,,0,0x6949145469362F9eeaB3c96Ea41b51D9B4cC2b21
0,1,vault,241528.8094933038925993414081,1:0x58900d761Ae3765B75DDFc235c1536B527F25d8F,0,241528.8094933038925993414081,193,241528.8094933038925993414081,0,241528.8094933038925993414081,237,,44,0x58900d761Ae3765B75DDFc235c1536B527F25d8F
0,1,vault,24867.67162893276490062013321,1:0x5383C1Ab5beac04d6A6E6872Cc6a422f2Dc25576,0,24867.67162893276490062013321,30,24867.67162893276490062013321,0,24867.67162893276490062013321,47,,17,0x5383C1Ab5beac04d6A6E6872Cc6a422f2Dc25576
0,1,vault,4477.648788770783732286442334,1:0x4c2dF8adB2B14e1d5FDBD9d11A2cf7562b67adC9,0,4477.648788770783732286442334,27,4477.648788770783732286442334,0,4477.648788770783732286442334,28,,1,0x4c2dF8adB2B14e1d5FDBD9d11A2cf7562b67adC9
0,1,vault,112359.4869437857616369396102,1:0x708d1A6FDF342D53F4d006aa9B85e223c68a0Edb,0,112359.4869437857616369396102,27,112359.4869437857616369396102,0,112359.4869437857616369396102,28,,1,0x708d1A6FDF342D53F4d006aa9B85e223c68a0Edb
0,1,vault,1976.957454595070863503490698,1:0x468C76f16B7735303f7215b3839D270d058b3d7a,0,1976.957454595070863503490698,46,1976.957454595070863503490698,0,1976.957454595070863503490698,51,,5,0x468C76f16B7735303f7215b3839D270d058b3d7a
0,1,vault,6792.991011051633437358205428,1:0x5d10DFA44AdC63C41906Af61eEffB9454860e999,0,6792.991011051633437358205428,23,6792.991011051633437358205428,0,6792.991011051633437358205428,28,,5,0x5d10DFA44AdC63C41906Af61eEffB9454860e999
0,1,vault,0,1:0x66A7024fC367eBa201dF1381A9B6305d1e90919A,0,0,0,0,0,0,2,,2,0x66A7024fC367eBa201dF1381A9B6305d1e90919A
0,1,vault,0,1:0x6A5694C1b37fFA30690b6b60D8Cf89c937d408aD,0,0,3,0,0,0,35,,32,0x6A5694C1b37fFA30690b6b60D8Cf89c937d408aD
0,1,vault,0,1:0x4cb5483D87028518c5F35a49c151612a062bfCD0,0,0,0,0,0,0,2,,2,0x4cb5483D87028518c5F35a49c151612a062bfCD0
0,1,vault,242.4194526207537164658877166,1:0x573E8C71DC41F9C04c9b77942D8f18801548e545,0,242.4194526207537164658877166,18,242.4194526207537164658877166,0,242.4194526207537164658877166,18,,0,0x573E8C71DC41F9C04c9b77942D8f18801548e545
0,1,vault,293599.7505899315388875427765,1:0x57a2c7925bAA1894a939f9f6721Ea33F2EcFD0e2,0,293599.7505899315388875427765,340,293599.7505899315388875427765,0,293599.7505899315388875427765,340,,0,0x57a2c7925bAA1894a939f9f6721Ea33F2EcFD0e2
0,1,vault,0,1:0x4907fd39d4691F03b3751590b8df6ed01E3c2b63,0,0,0,0,0,0,2,,2,0x4907fd39d4691F03b3751590b8df6ed01E3c2b63
0,1,vault,114569.0771079538176650324909,1:0x6F9A3ab8Aea89892b4157643A6e75d8E6ff2291d,0,114569.0771079538176650324909,132,114569.0771079538176650324909,0,114569.0771079538176650324909,132,,0,0x6F9A3ab8Aea89892b4157643A6e75d8E6ff2291d
0,1,vault,0,1:0x3DCc44ce7867a3Fd592cB9e77abC676B2675eD8a,0,0,1,0,0,0,1,,0,0x3DCc44ce7867a3Fd592cB9e77abC676B2675eD8a
0,1,vault,7705.049090479028168078142513,1:0x68E3C51f091102960CDBddEd27Dd06eC21083854,0,7705.049090479028168078142513,25,7705.049090479028168078142513,0,7705.049090479028168078142513,25,,0,0x68E3C51f091102960CDBddEd27Dd06eC21083854
0,1,vault,63996.13091531648875888987504,1:0x4282B8f159ee677559Dc6A20cd478DD0BDe75fF2,0,63996.13091531648875888987504,70,63996.13091531648875888987504,0,63996.13091531648875888987504,70,,0,0x4282B8f159ee677559Dc6A20cd478DD0BDe75fF2
0,1,vault,13.82946917110091871109205643,1:0x4233c8e5A7DB8d706e15B0500d040967b11585f2,0,13.82946917110091871109205643,5,13.82946917110091871109205643,0,13.82946917110091871109205643,5,,0,0x4233c8e5A7DB8d706e15B0500d040967b11585f2
0,1,vault,0,1:0x5530e6aEB7867B27b1b866Ef1d487aC97C4FB626,0,0,4,0,0,0,5,,1,0x5530e6aEB7867B27b1b866Ef1d487aC97C4FB626
0,1,vault,2488.498581355085331771037608,1:0x5591Ac6CC8cdeE5d47E553a8c3543eF5eA808919,0,2488.498581355085331771037608,40,2488.498581355085331771037608,0,2488.498581355085331771037608,40,,0,0x5591Ac6CC8cdeE5d47E553a8c3543eF5eA808919
0,1,vault,251.3807733582676099986936017,1:0x5fFd0C196838aa5e700657C1f6fd8A87f5d80ED2,0,251.3807733582676099986936017,39,251.3807733582676099986936017,0,251.3807733582676099986936017,39,,0,0x5fFd0C196838aa5e700657C1f6fd8A87f5d80ED2
0,1,vault,37470.10514623701676486475011,1:0x986b4AFF588a109c09B50A03f42E4110E29D353F,0,37470.10514623701676486475011,10,37470.10514623701676486475011,0,37470.10514623701676486475011,218,,208,0x986b4AFF588a109c09B50A03f42E4110E29D353F
0,1,vault,0,1:0x9d409a0A012CFbA9B15F6D4B36Ac57A46966Ab9a,0,0,0,0,0,0,242,,242,0x9d409a0A012CFbA9B15F6D4B36Ac57A46966Ab9a
0,1,vault,9028.756162438348742008662596,1:0x8414Db07a7F743dEbaFb402070AB01a4E0d2E45e,0,9028.756162438348742008662596,2,9028.756162438348742008662596,0,9028.756162438348742008662596,88,,86,0x8414Db07a7F743dEbaFb402070AB01a4E0d2E45e
0,1,vault,256.5008843311800209583589667,1:0x8fA3A9ecd9EFb07A8CE90A6eb014CF3c0E3B32Ef,0,256.5008843311800209583589667,1,256.5008843311800209583589667,0,256.5008843311800209583589667,119,,118,0x8fA3A9ecd9EFb07A8CE90A6eb014CF3c0E3B32Ef
0,1,vault,9281800.405048621141794407993,1:0x7Da96a3891Add058AdA2E826306D812C638D87a7,519.2047257656460113921394,9281281.200322855495783015853,456,9281800.405048621141794407993,519.2047257656460113921394,9281281.200322855495783015853,456,,0,0x7Da96a3891Add058AdA2E826306D812C638D87a7
0,1,vault,3634738.12193991462849982957,1:0xA696a63cc78DfFa1a63E9E50587C197387FF6C7E,10377.35239268190118167420,3624360.76954723272731815537,458,3634738.12193991462849982957,10377.35239268190118167420,3624360.76954723272731815537,458,,0,0xA696a63cc78DfFa1a63E9E50587C197387FF6C7E
0,1,vault,0,1:0x8ee57c05741aA9DB947A744E713C15d4d19D8822,0,0,91,0,0,0,91,,0,0x8ee57c05741aA9DB947A744E713C15d4d19D8822
0,1,vault,576702.0247082179726417895934,1:0x84E13785B5a27879921D6F685f041421C7F482dA,0,576702.0247082179726417895934,154,576702.0247082179726417895934,0,576702.0247082179726417895934,154,,0,0x84E13785B5a27879921D6F685f041421C7F482dA
0,1,vault,14584.61210710320553818096654,1:0x8cc94ccd0f3841a468184aCA3Cc478D2148E1757,0,14584.61210710320553818096654,25,14584.61210710320553818096654,0,14584.61210710320553818096654,111,,86,0x8cc94ccd0f3841a468184aCA3Cc478D2148E1757
0,1,vault,56490.38211881918481904806312,1:0xA74d4B67b3368E83797a35382AFB776bAAE4F5C8,0,56490.38211881918481904806312,31,56490.38211881918481904806312,0,56490.38211881918481904806312,356,,325,0xA74d4B67b3368E83797a35382AFB776bAAE4F5C8
0,1,vault,5591.606672579174130826069269,1:0x873fB544277FD7b977B196a826459a69E27eA4ea,0,5591.606672579174130826069269,43,5591.606672579174130826069269,0,5591.606672579174130826069269,43,,0,0x873fB544277FD7b977B196a826459a69E27eA4ea
0,1,vault,0,1:0x8b9C0c24307344B6D7941ab654b2Aeee25347473,0,0,0,0,0,0,3,,3,0x8b9C0c24307344B6D7941ab654b2Aeee25347473
0,1,vault,4427.658001195039191608650270,1:0x801Ab06154Bf539dea4385a39f5fa8534fB53073,0,4427.658001195039191608650270,5,4427.658001195039191608650270,0,4427.658001195039191608650270,12,,7,0x801Ab06154Bf539dea4385a39f5fa8534fB53073
0,1,vault,177986.4130042497501405084216,1:0x790a60024bC3aea28385b60480f15a0771f26D09,0,177986.4130042497501405084216,139,177986.4130042497501405084216,0,177986.4130042497501405084216,148,,9,0x790a60024bC3aea28385b60480f15a0771f26D09
0,1,vault,194.4305449812642631088209814,1:0x9A39f31DD5EDF5919A5C0c2433cE053fAD2E0336,0,194.4305449812642631088209814,1,194.4305449812642631088209814,0,194.4305449812642631088209814,2,,1,0x9A39f31DD5EDF5919A5C0c2433cE053fAD2E0336
0,1,vault,17598.31491002749556944481771,1:0xA9412Ffd7E0866755ae0dda3318470A61F62abe8,0,17598.31491002749556944481771,13,17598.31491002749556944481771,0,17598.31491002749556944481771,13,,0,0xA9412Ffd7E0866755ae0dda3318470A61F62abe8
0,1,vault,488826.0183680919054507292472,1:0x8078198Fc424986ae89Ce4a910Fc109587b6aBF3,0,488826.0183680919054507292472,125,488826.0183680919054507292472,0,488826.0183680919054507292472,125,,0,0x8078198Fc424986ae89Ce4a910Fc109587b6aBF3
0,1,vault,0,1:0x8cdf57760Be305F32e03B3d231e5A81e550C6295,0,0,3,0,0,0,3,,0,0x8cdf57760Be305F32e03B3d231e5A81e550C6295
0,1,vault,46550.05201838211723747733448,1:0x82c83ddA32DB09F63F9A59A129278f3fdC3EeE67,0,46550.05201838211723747733448,67,46550.05201838211723747733448,0,46550.05201838211723747733448,68,,1,0x82c83ddA32DB09F63F9A59A129278f3fdC3EeE67
0,1,vault,270396.0220029091896286136204,1:0x75A291F0232ADD37d72Dd1Dcff55B715755ECDEe,0,270396.0220029091896286136204,162,270396.0220029091896286136204,0,270396.0220029091896286136204,162,,0,0x75A291F0232ADD37d72Dd1Dcff55B715755ECDEe
0,1,vault,169344.0355466275599677470871,1:0x7788A5492bc948e1d8c2caa53b2e0a60ed5403b0,0,169344.0355466275599677470871,184,169344.0355466275599677470871,0,169344.0355466275599677470871,217,,33,0x7788A5492bc948e1d8c2caa53b2e0a60ed5403b0
0,1,vault,1088.628112196028934686253249,1:0x7e113c504263354ba99290dadAd00D1e1F2b6476,0,1088.628112196028934686253249,9,1088.628112196028934686253249,0,1088.628112196028934686253249,15,,6,0x7e113c504263354ba99290dadAd00D1e1F2b6476
0,1,vault,26849.86393787196321871857449,1:0x9F8B5c0fc18B79DdFc05b21c43da7E324Cf3B8Eb,0,26849.86393787196321871857449,25,26849.86393787196321871857449,0,26849.86393787196321871857449,25,,0,0x9F8B5c0fc18B79DdFc05b21c43da7E324Cf3B8Eb
0,1,vault,0,1:0x9E0E0AF468FbD041Cab7883c5eEf16D1A99a47C3,0,0,3,0,0,0,3,,0,0x9E0E0AF468FbD041Cab7883c5eEf16D1A99a47C3
0,1,vault,6737.799177135681144678224974,1:0x72FaEA467BD88db6720A861e56A3a72B4Aa579DF,0,6737.799177135681144678224974,24,6737.799177135681144678224974,0,6737.799177135681144678224974,25,,1,0x72FaEA467BD88db6720A861e56A3a72B4Aa579DF
0,1,vault,0,1:0x98fA691998a9e6f410702dEA8BC08a9d500AaAFe,0,0,6,0,0,0,6,,0,0x98fA691998a9e6f410702dEA8BC08a9d500AaAFe
0,1,vault,0,1:0x91aE8fEaBe09182Fe5F91Fc273040b7D8F7aeFE7,0,0,28,0,0,0,30,,2,0x91aE8fEaBe09182Fe5F91Fc273040b7D8F7aeFE7
0,1,vault,3893.982319915011768927621716,1:0xAE6eD98B1Bd9aAdd3185160324e0e011159B61D3,0,3893.982319915011768927621716,31,3893.982319915011768927621716,0,3893.982319915011768927621716,41,,10,0xAE6eD98B1Bd9aAdd3185160324e0e011159B61D3
0,1,vault,118714.2491543212373606711788,1:0x7cA00559B978CFde81297849be6151d3ccB408A9,0,118714.2491543212373606711788,196,118714.2491543212373606711788,0,118714.2491543212373606711788,198,,2,0x7cA00559B978CFde81297849be6151d3ccB408A9
0,1,vault,1881.099208525746169437454153,1:0x8072B1d66389a1AA039e21Aac35A92464005baF5,0,1881.099208525746169437454153,39,1881.099208525746169437454153,0,1881.099208525746169437454153,39,,0,0x8072B1d66389a1AA039e21Aac35A92464005baF5
0,1,vault,20687.27477333171132699666737,1:0x77e829FFF18C14AD9bb88963acB0010A0506de88,0,20687.27477333171132699666737,25,20687.27477333171132699666737,0,20687.27477333171132699666737,36,,11,0x77e829FFF18C14AD9bb88963acB0010A0506de88
0,1,vault,25191.80168691896755438883250,1:0x8176b059BD8f63aeB7e20282b12D243b4626E2AE,0,25191.80168691896755438883250,36,25191.80168691896755438883250,0,25191.80168691896755438883250,40,,4,0x8176b059BD8f63aeB7e20282b12D243b4626E2AE
0,1,vault,185622.7937826612471062089137,1:0x849dC56ceCa7Cf55AbF5ec87910DA21c5C7dA581,0,185622.7937826612471062089137,196,185622.7937826612471062089137,0,185622.7937826612471062089137,209,,13,0x849dC56ceCa7Cf55AbF5ec87910DA21c5C7dA581
0,1,vault,4357.883352406503959011643099,1:0x79F4a9ed7a6196c67a2D6BCE8eC55E9F18802018,0,4357.883352406503959011643099,43,4357.883352406503959011643099,0,4357.883352406503959011643099,43,,0,0x79F4a9ed7a6196c67a2D6BCE8eC55E9F18802018
0,1,vault,123599.3671341134447159757949,1:0x7845Ebf66c9575Fc5f5A0dBb9a34a706Ad997a3f,0,123599.3671341134447159757949,94,123599.3671341134447159757949,0,123599.3671341134447159757949,98,,4,0x7845Ebf66c9575Fc5f5A0dBb9a34a706Ad997a3f
0,1,vault,3582.767845538498492034154865,1:0x944d749017053e0D37ec206c9898716A21e0B2E2,0,3582.767845538498492034154865,31,3582.767845538498492034154865,0,3582.767845538498492034154865,35,,4,0x944d749017053e0D37ec206c9898716A21e0B2E2
0,1,vault,0,1:0x774B4Cbc2703cE83fB3b828b7C782d1CD983b04A,0,0,31,0,0,0,34,,3,0x774B4Cbc2703cE83fB3b828b7C782d1CD983b04A
0,1,vault,9536.853633570668575101732349,1:0x93cF0b02D0A2B61551d107378AFf60CEAe40c342,0,9536.853633570668575101732349,20,9536.853633570668575101732349,0,9536.853633570668575101732349,86,,66,0x93cF0b02D0A2B61551d107378AFf60CEAe40c342
0,1,vault,156823.4717552074381519714922,1:0xAD2f9A55518Dba12E8AB069502820923351667C5,0,156823.4717552074381519714922,125,156823.4717552074381519714922,0,156823.4717552074381519714922,171,,46,0xAD2f9A55518Dba12E8AB069502820923351667C5
0,1,vault,0,1:0x864f78037639225b7CD0B6c632F8F187520b480B,0,0,0,0,0,0,1,,1,0x864f78037639225b7CD0B6c632F8F187520b480B
0,1,vault,0,1:0x82e75Cf176C18DCCeF1b05B0F1d89a444a3A1005,0,0,0,0,0,0,1,,1,0x82e75Cf176C18DCCeF1b05B0F1d89a444a3A1005
0,1,vault,3139.998410989418442741406731,1:0xA76436957378bF3812dba0A98E864686086fd0e6,0,3139.998410989418442741406731,29,3139.998410989418442741406731,0,3139.998410989418442741406731,29,,0,0xA76436957378bF3812dba0A98E864686086fd0e6
0,1,vault,0,1:0x8c99c1FF4978790ea496c71bc6e769F1D8691e1C,0,0,1,0,0,0,1,,0,0x8c99c1FF4978790ea496c71bc6e769F1D8691e1C
0,1,vault,0,1:0x8Aa95B71D8e0e1C7949bd84223E0C7911D85171C,0,0,4,0,0,0,4,,0,0x8Aa95B71D8e0e1C7949bd84223E0C7911D85171C
0,1,vault,0,1:0x98b72deBe9BEdCc11aF3f1f5BFAc6994aac43786,0,0,16,0,0,0,16,,0,0x98b72deBe9BEdCc11aF3f1f5BFAc6994aac43786
0,1,vault,2979.625628081858850707555281,1:0x8B2335962111F3CBa6cfC5b2aCD8894635241c3b,0,2979.625628081858850707555281,9,2979.625628081858850707555281,0,2979.625628081858850707555281,38,,29,0x8B2335962111F3CBa6cfC5b2aCD8894635241c3b
0,1,vault,27744.68904562293966567677126,1:0x961Ad224fedDFa468c81acB3A9Cc2cC4731809f4,0,27744.68904562293966567677126,69,27744.68904562293966567677126,0,27744.68904562293966567677126,174,,105,0x961Ad224fedDFa468c81acB3A9Cc2cC4731809f4
0,1,vault,40867.66495287646124436140654,1:0x8770d076dC2db46f368BDc8EaAE3b7164e59267b,0,40867.66495287646124436140654,120,40867.66495287646124436140654,0,40867.66495287646124436140654,168,,48,0x8770d076dC2db46f368BDc8EaAE3b7164e59267b
0,1,vault,27214.08875775854096123971379,1:0x72FDf7e33893cc1649eFE5821414E4c9B7C47D40,0,27214.08875775854096123971379,76,27214.08875775854096123971379,0,27214.08875775854096123971379,104,,28,0x72FDf7e33893cc1649eFE5821414E4c9B7C47D40
0,1,vault,0,1:0x883A777f2594004419fc08b388D7d3bdC1c0D6c1,0,0,0,0,0,0,2,,2,0x883A777f2594004419fc08b388D7d3bdC1c0D6c1
0,1,vault,0,1:0x9894acf19de6F00D4056DbFDDF2dd7444F993D87,0,0,1,0,0,0,2,,1,0x9894acf19de6F00D4056DbFDDF2dd7444F993D87
0,1,vault,0,1:0xAA4f7562D3C25Bd2fCB8FEd615182667C0A7086C,0,0,1,0,0,0,2,,1,0xAA4f7562D3C25Bd2fCB8FEd615182667C0A7086C
0,1,vault,58638.04895654009012674893891,1:0x823976dA34aC45C23a8DfEa51B3Ff1Ae0D980213,0,58638.04895654009012674893891,41,58638.04895654009012674893891,0,58638.04895654009012674893891,81,,40,0x823976dA34aC45C23a8DfEa51B3Ff1Ae0D980213
0,1,vault,274324.9368268483472695419370,1:0x8017B5d498f75d12dA6A857e867699fB07De41a4,0,274324.9368268483472695419370,318,274324.9368268483472695419370,0,274324.9368268483472695419370,319,,1,0x8017B5d498f75d12dA6A857e867699fB07De41a4
0,1,vault,27960.32303107023920281767239,1:0x7c439Df9ADE8831180EA4D546c1E910D4Ba71a86,0,27960.32303107023920281767239,80,27960.32303107023920281767239,0,27960.32303107023920281767239,81,,1,0x7c439Df9ADE8831180EA4D546c1E910D4Ba71a86
0,1,vault,240.6219902760077880722200801,1:0x97aae86E5efC305f2189f78B5C7e9Dac1249c379,0,240.6219902760077880722200801,4,240.6219902760077880722200801,0,240.6219902760077880722200801,4,,0,0x97aae86E5efC305f2189f78B5C7e9Dac1249c379
0,1,vault,24050.15889199372205046869670,1:0xA6AeBf9680FC87F7641c40Edd95cf52512f228B0,0,24050.15889199372205046869670,55,24050.15889199372205046869670,0,24050.15889199372205046869670,55,,0,0xA6AeBf9680FC87F7641c40Edd95cf52512f228B0
0,1,vault,730.7152076786936562865415812,1:0x928dB6676340e5206A91aD122a24E363131FFcE7,0,730.7152076786936562865415812,6,730.7152076786936562865415812,0,730.7152076786936562865415812,6,,0,0x928dB6676340e5206A91aD122a24E363131FFcE7
0,1,vault,0,1:0x9cBD86ee0dA1B6552D69f1df2F689fB78fAc2dF7,0,0,2,0,0,0,2,,0,0x9cBD86ee0dA1B6552D69f1df2F689fB78fAc2dF7
0,1,vault,1442.317377163601252793715149,1:0xA7b68F2184B283cB494a6788c06BC5bBC09275e3,0,1442.317377163601252793715149,14,1442.317377163601252793715149,0,1442.317377163601252793715149,14,,0,0xA7b68F2184B283cB494a6788c06BC5bBC09275e3
0,1,vault,6114.222990107792735682496112,1:0x8Bb5491c0872445EC15d9b67CC6117811e0D8498,0,6114.222990107792735682496112,22,6114.222990107792735682496112,0,6114.222990107792735682496112,22,,0,0x8Bb5491c0872445EC15d9b67CC6117811e0D8498
0,1,vault,19011.91893603243719896092679,1:0x9289D26fD70867af2f4523EBada69A0d0deEC6c3,0,19011.91893603243719896092679,89,19011.91893603243719896092679,0,19011.91893603243719896092679,89,,0,0x9289D26fD70867af2f4523EBada69A0d0deEC6c3
0,1,vault,53059.23737700127039773916511,1:0x8A5f20dA6B393fE25aCF1522C828166D22eF8321,0,53059.23737700127039773916511,137,53059.23737700127039773916511,0,53059.23737700127039773916511,177,,40,0x8A5f20dA6B393fE25aCF1522C828166D22eF8321
0,1,vault,2532.645614402385468223054315,1:0x8F49C410ac9d05aa7260ef0951b3f328E80d1f3D,0,2532.645614402385468223054315,24,2532.645614402385468223054315,0,2532.645614402385468223054315,24,,0,0x8F49C410ac9d05aa7260ef0951b3f328E80d1f3D
0,1,vault,0,1:0x7A257B4c15309e046571D8A33465e0ed797Ba946,0,0,3,0,0,0,3,,0,0x7A257B4c15309e046571D8A33465e0ed797Ba946
3,1,vault,2702352.143358235201207908355,1:0xa9fE4601811213c340e850ea305481afF02f5b28,28622.37338987720620579706734,2673729.769968357995002111288,440,20869584.00552848936052921808,15387325.57705350113038956150,5482258.428474988230139656598,440,,0,0xa9fE4601811213c340e850ea305481afF02f5b28
0,1,vault,261902.0552916535261718128293,1:0xB8C3B7A2A618C552C23B1E4701109a9E756Bab67,0,261902.0552916535261718128293,47,261902.0552916535261718128293,0,261902.0552916535261718128293,47,,0,0xB8C3B7A2A618C552C23B1E4701109a9E756Bab67
2,1,vault,961269.1752777070215342009476,1:0xE14d13d8B3b85aF791b2AADD661cDBd5E6097Db1,0.000000000000028656098380856639,961269.1752777070215055448492,136,12566645.39579664912626285022,11663571.92879700402674532089,903073.4669996450995175293186,136,,0,0xE14d13d8B3b85aF791b2AADD661cDBd5E6097Db1
0,1,vault,186.8974590769527849671066421,1:0xb4D1Be44BfF40ad6e506edf43156577a3f8672eC,0,186.8974590769527849671066421,3,186.8974590769527849671066421,0,186.8974590769527849671066421,184,,181,0xb4D1Be44BfF40ad6e506edf43156577a3f8672eC
0,1,vault,33431.76624107503656783498895,1:0xB4AdA607B9d6b2c9Ee07A275e9616B84AC560139,0,33431.76624107503656783498895,28,33431.76624107503656783498895,0,33431.76624107503656783498895,372,,344,0xB4AdA607B9d6b2c9Ee07A275e9616B84AC560139
0,1,vault,39179.38639666405874332009214,1:0xFBEB78a723b8087fD2ea7Ef1afEc93d35E8Bed42,2211.368282814228671723584860,36968.01811384983007159650728,68,39179.38639666405874332009214,2211.368282814228671723584860,36968.01811384983007159650728,68,,0,0xFBEB78a723b8087fD2ea7Ef1afEc93d35E8Bed42
0,1,vault,6177.259170892764972818267138,1:0xD6Ea40597Be05c201845c0bFd2e96A60bACde267,0.0000000000000000012512162928825163,6177.259170892764972817015922,24,6177.259170892764972818267138,0.0000000000000000012512162928825163,6177.259170892764972817015922,169,,145,0xD6Ea40597Be05c201845c0bFd2e96A60bACde267
0,1,vault,1235861.771516974628589016696,1:0xF29AE508698bDeF169B89834F76704C3B205aedf,0,1235861.771516974628589016696,261,1235861.771516974628589016696,0,1235861.771516974628589016696,261,,0,0xF29AE508698bDeF169B89834F76704C3B205aedf
0,1,vault,218290.9101149275484323904980,1:0xa5cA62D95D24A4a350983D5B8ac4EB8638887396,16893.06102284366719387982785,201397.8490920838812385106700,83,218290.9101149275484323904980,16893.06102284366719387982785,201397.8490920838812385106700,83,,0,0xa5cA62D95D24A4a350983D5B8ac4EB8638887396
0,1,vault,9146.675376673873165903033703,1:0xC4dAf3b5e2A9e93861c3FBDd25f1e943B8D87417,0,9146.675376673873165903033703,4,9146.675376673873165903033703,0,9146.675376673873165903033703,209,,205,0xC4dAf3b5e2A9e93861c3FBDd25f1e943B8D87417
0,1,vault,27429.59580048467559102923809,1:0xBfedbcbe27171C418CDabC2477042554b1904857,0,27429.59580048467559102923809,18,27429.59580048467559102923809,0,27429.59580048467559102923809,185,,167,0xBfedbcbe27171C418CDabC2477042554b1904857
0,1,vault,19763284.15374372833390275347,1:0xa258C4606Ca8206D8aA700cE2143D7db854D168c,4743.170775977821172156975717,19758540.98296775051273059649,777,19763284.15374372833390275347,4743.170775977821172156975717,19758540.98296775051273059649,777,,0,0xa258C4606Ca8206D8aA700cE2143D7db854D168c
0,1,vault,0,1:0xC116dF49c02c5fD147DE25Baa105322ebF26Bd97,0,0,2,0,0,0,26,,24,0xC116dF49c02c5fD147DE25Baa105322ebF26Bd97
0,1,vault,201446.8165791118708351795529,1:0xE537B5cc158EB71037D4125BDD7538421981E6AA,0,201446.8165791118708351795529,49,201446.8165791118708351795529,0,201446.8165791118708351795529,139,,90,0xE537B5cc158EB71037D4125BDD7538421981E6AA
0,1,vault,10020.45834785069410286096954,1:0xFD0877d9095789cAF24c98F7CCe092fa8E120775,0,10020.45834785069410286096954,22,10020.45834785069410286096954,0,10020.45834785069410286096954,22,,0,0xFD0877d9095789cAF24c98F7CCe092fa8E120775
0,1,vault,9050294.024539290472919915298,1:0xa354F35829Ae975e850e23e9615b11Da1B3dC4DE,224975.9128807026304755154141,8825318.111658587842444399886,649,9050294.024539290472919915298,224975.9128807026304755154141,8825318.111658587842444399886,649,,0,0xa354F35829Ae975e850e23e9615b11Da1B3dC4DE
0,1,vault,623.0524558913424437716702122,1:0xF59D66c1d593Fb10e2f8c2a6fD2C958792434B9c,0,623.0524558913424437716702122,2,623.0524558913424437716702122,0,623.0524558913424437716702122,8,,6,0xF59D66c1d593Fb10e2f8c2a6fD2C958792434B9c
0,1,vault,13908.79014830564696594505681,1:0xBCBB5b54Fa51e7b7Dc920340043B203447842A6b,0,13908.79014830564696594505681,28,13908.79014830564696594505681,0,13908.79014830564696594505681,33,,5,0xBCBB5b54Fa51e7b7Dc920340043B203447842A6b
0,1,vault,36.91590786057455192571417836,1:0xF6B9DFE6bc42ed2eaB44D6B829017f7B78B29f88,0,36.91590786057455192571417836,1,36.91590786057455192571417836,0,36.91590786057455192571417836,2,,1,0xF6B9DFE6bc42ed2eaB44D6B829017f7B78B29f88
0,1,vault,828920.8135641107164931246859,1:0xa540744DEDBDA9eF64cf753F0E851EfE4a419EA9,0,828920.8135641107164931246859,262,828920.8135641107164931246859,0,828920.8135641107164931246859,272,,10,0xa540744DEDBDA9eF64cf753F0E851EfE4a419EA9
0,1,vault,8874.823483818425012651997180,1:0xa8E0c42F45C877e611C76F2D4bF57476f2014381,0,8874.823483818425012651997180,37,8874.823483818425012651997180,0,8874.823483818425012651997180,51,,14,0xa8E0c42F45C877e611C76F2D4bF57476f2014381
0,1,vault,1847.380132423512538648837395,1:0xC8cA30Aa2E486846f7304D3B9334f96d32000F8d,0,1847.380132423512538648837395,18,1847.380132423512538648837395,0,1847.380132423512538648837395,19,,1,0xC8cA30Aa2E486846f7304D3B9334f96d32000F8d
0,1,vault,12893.74787964814469208964425,1:0xB5dE7250128775a317B3f775a7AFcEC73571B732,0,12893.74787964814469208964425,21,12893.74787964814469208964425,0,12893.74787964814469208964425,23,,2,0xB5dE7250128775a317B3f775a7AFcEC73571B732
0,1,vault,694.2454746624791658745258120,1:0xF614d3864EF53510909a94c618a5EC1Ff75103BF,0,694.2454746624791658745258120,33,694.2454746624791658745258120,0,694.2454746624791658745258120,34,,1,0xF614d3864EF53510909a94c618a5EC1Ff75103BF
0,1,vault,17815.51969940517608417858798,1:0xD347e7A3DdF5Ce4C42E19a4F30eEAA761795C72B,0,17815.51969940517608417858798,23,17815.51969940517608417858798,0,17815.51969940517608417858798,27,,4,0xD347e7A3DdF5Ce4C42E19a4F30eEAA761795C72B
0,1,vault,12307.48837442822418703286006,1:0xAd86Df2e8F989c828B25A7Da5EB1Ec363283fA3F,0,12307.48837442822418703286006,71,12307.48837442822418703286006,0,12307.48837442822418703286006,74,,3,0xAd86Df2e8F989c828B25A7Da5EB1Ec363283fA3F
0,1,vault,52180.74013973208113985562368,1:0xDb26d8815EdA864Dfa43306766f2F8CA50C03F9E,0,52180.74013973208113985562368,131,52180.74013973208113985562368,0,52180.74013973208113985562368,224,,93,0xDb26d8815EdA864Dfa43306766f2F8CA50C03F9E
0,1,vault,6972.848378470906777872242991,1:0xb37094c1B5614Bd6EcE40AFb295C26F4377069d3,0,6972.848378470906777872242991,53,6972.848378470906777872242991,0,6972.848378470906777872242991,57,,4,0xb37094c1B5614Bd6EcE40AFb295C26F4377069d3
0,1,vault,0,1:0xE6570a24Ce63dD588195B98aAD9F91B121d5F3D7,0,0,7,0,0,0,7,,0,0xE6570a24Ce63dD588195B98aAD9F91B121d5F3D7
0,1,vault,0.8571842610998373331168415143,1:0xC1f3C276Bf73396C020E8354bcA581846171649d,0,0.8571842610998373331168415143,4,0.8571842610998373331168415143,0,0.8571842610998373331168415143,4,,0,0xC1f3C276Bf73396C020E8354bcA581846171649d
0,1,vault,21442.805509714458464799659,1:0xAbD64D5AB5A4b129df4f6f37A8d461c2510b5503,0,21442.805509714458464799659,39,21442.805509714458464799659,0,21442.805509714458464799659,39,,0,0xAbD64D5AB5A4b129df4f6f37A8d461c2510b5503
0,1,vault,0,1:0xE510E87d0eF7d987Ed1baF8E1D7Aaef5b9e3db42,0,0,4,0,0,0,4,,0,0xE510E87d0eF7d987Ed1baF8E1D7Aaef5b9e3db42
0,1,vault,12316.31076945049864539734183,1:0xF56fB6cc29F0666BDD1662FEaAE2A3C935ee3469,0,12316.31076945049864539734183,43,12316.31076945049864539734183,0,12316.31076945049864539734183,47,,4,0xF56fB6cc29F0666BDD1662FEaAE2A3C935ee3469
0,1,vault,16063.91642313174228222594798,1:0xa8eF50905352aCD611F53640b001E48F2eA31d63,0,16063.91642313174228222594798,63,16063.91642313174228222594798,0,16063.91642313174228222594798,65,,2,0xa8eF50905352aCD611F53640b001E48F2eA31d63
0,1,vault,782636.3557167077528362139251,1:0xaA379c2aA72529d5ec0da8A41e2F41ED7Fe4b48C,0,782636.3557167077528362139251,285,782636.3557167077528362139251,0,782636.3557167077528362139251,285,,0,0xaA379c2aA72529d5ec0da8A41e2F41ED7Fe4b48C
0,1,vault,85332.83743341592079947975544,1:0xE2CaD35CFD1A9B5acD557558f44B096ef8340C1B,0,85332.83743341592079947975544,105,85332.83743341592079947975544,0,85332.83743341592079947975544,107,,2,0xE2CaD35CFD1A9B5acD557558f44B096ef8340C1B
0,1,vault,190.7376015044650992227356698,1:0xD6A4180c819324A9E432CA07C689EcBF00088cd6,0,190.7376015044650992227356698,11,190.7376015044650992227356698,0,190.7376015044650992227356698,15,,4,0xD6A4180c819324A9E432CA07C689EcBF00088cd6
0,1,vault,606.9855374650033600808821470,1:0xCA31DcB9D30e70BF709B41e3935c3f7cdBC6D255,0,606.9855374650033600808821470,24,606.9855374650033600808821470,0,606.9855374650033600808821470,24,,0,0xCA31DcB9D30e70BF709B41e3935c3f7cdBC6D255
0,1,vault,1188.965527163720680812667733,1:0xC2ADaD1Bd59a1DA3D35bd86cDb555694372f488F,0,1188.965527163720680812667733,13,1188.965527163720680812667733,0,1188.965527163720680812667733,21,,8,0xC2ADaD1Bd59a1DA3D35bd86cDb555694372f488F
0,1,vault,2994.238359864552906057524441,1:0xF5f33812c93C5f2Ae2F28c041eEb393212439502,0,2994.238359864552906057524441,26,2994.238359864552906057524441,0,2994.238359864552906057524441,27,,1,0xF5f33812c93C5f2Ae2F28c041eEb393212439502
0,1,vault,32722.66959230117853884113676,1:0xa669d6C2Df33F41940c2646A9BF3031e2524d515,0,32722.66959230117853884113676,75,32722.66959230117853884113676,0,32722.66959230117853884113676,83,,8,0xa669d6C2Df33F41940c2646A9BF3031e2524d515
0,1,vault,19059.28443889202434490933810,1:0xB512D68A3194ba294A5b8146FA9beCd6a5Fea137,0,19059.28443889202434490933810,30,19059.28443889202434490933810,0,19059.28443889202434490933810,32,,2,0xB512D68A3194ba294A5b8146FA9beCd6a5Fea137
0,1,vault,52264.45302997141783759248307,1:0xFfA0F0616229eE2aC08FA4C358D23b18D980134B,0,52264.45302997141783759248307,24,52264.45302997141783759248307,0,52264.45302997141783759248307,26,,2,0xFfA0F0616229eE2aC08FA4C358D23b18D980134B
0,1,vault,17375.06231197794744333253696,1:0xBD7c44d61C923eF6Efb09697F9d64e0376A0b9CB,0,17375.06231197794744333253696,31,17375.06231197794744333253696,0,17375.06231197794744333253696,37,,6,0xBD7c44d61C923eF6Efb09697F9d64e0376A0b9CB
0,1,vault,11366.32385126752914838240681,1:0xAc22e3a3cfE4dC82FFD4Ffa7453729Ca963CeB5a,0,11366.32385126752914838240681,63,11366.32385126752914838240681,0,11366.32385126752914838240681,64,,1,0xAc22e3a3cfE4dC82FFD4Ffa7453729Ca963CeB5a
0,1,vault,684.8062323835313005946048519,1:0xFCa9Ab2996e7b010516adCC575eB63de4f4fa47A,0,684.8062323835313005946048519,13,684.8062323835313005946048519,0,684.8062323835313005946048519,41,,28,0xFCa9Ab2996e7b010516adCC575eB63de4f4fa47A
0,1,vault,665.0671608301875163451934171,1:0xBB1Cc2ca1d89Fb593e2F79FC7474fdF40d78f6Be,0,665.0671608301875163451934171,10,665.0671608301875163451934171,0,665.0671608301875163451934171,10,,0,0xBB1Cc2ca1d89Fb593e2F79FC7474fdF40d78f6Be
0,1,vault,92534.67687678522699492571228,1:0xBfBC4acAE2ceC91A5bC80eCA1C9290F92959f7c3,0,92534.67687678522699492571228,151,92534.67687678522699492571228,0,92534.67687678522699492571228,151,,0,0xBfBC4acAE2ceC91A5bC80eCA1C9290F92959f7c3
0,1,vault,0,1:0xb6246cB8c98A59A753A94c8E16ac54eADb392E40,0,0,7,0,0,0,7,,0,0xb6246cB8c98A59A753A94c8E16ac54eADb392E40
0,1,vault,19768.84831904496655713462095,1:0xBf5f9a383531c86192D0876b5c56cCa0300Be4DA,0,19768.84831904496655713462095,42,19768.84831904496655713462095,0,19768.84831904496655713462095,54,,12,0xBf5f9a383531c86192D0876b5c56cCa0300Be4DA
0,1,vault,0,1:0xC8BE5E2aE51c3F75FcfBD900505Ec63Ce7dE320c,0,0,1,0,0,0,2,,1,0xC8BE5E2aE51c3F75FcfBD900505Ec63Ce7dE320c
0,1,vault,92029.53090307263082001402778,1:0xD2433Ec6De2a932Ab7bc1A0080676333AeF8B546,0,92029.53090307263082001402778,180,92029.53090307263082001402778,0,92029.53090307263082001402778,205,,25,0xD2433Ec6De2a932Ab7bc1A0080676333AeF8B546
0,1,vault,6963.083324502527951700622792,1:0xBf2BD27F8C4B38aBdcaD6d3E37445343Cb0630eF,0,6963.083324502527951700622792,64,6963.083324502527951700622792,0,6963.083324502527951700622792,64,,0,0xBf2BD27F8C4B38aBdcaD6d3E37445343Cb0630eF
0,1,vault,4030.705227367750019845591503,1:0xCFBA4c80d764fe3Cb7A9B8D72Dbb176c6e0b3716,0,4030.705227367750019845591503,22,4030.705227367750019845591503,0,4030.705227367750019845591503,22,,0,0xCFBA4c80d764fe3Cb7A9B8D72Dbb176c6e0b3716
0,1,vault,4067.240749092973925835607073,1:0xC8B38D661794d8847961baF40Db92B76f2EBf30d,0,4067.240749092973925835607073,38,4067.240749092973925835607073,0,4067.240749092973925835607073,38,,0,0xC8B38D661794d8847961baF40Db92B76f2EBf30d
0,1,vault,0,1:0xb46325F5bcf8A58A4eB6B1196677e61fD30b8FC0,0,0,26,0,0,0,26,,0,0xb46325F5bcf8A58A4eB6B1196677e61fD30b8FC0
0,1,vault,0,1:0xFffE4eE5D8BdFE534F6df350c36842be9652B0c5,0,0,16,0,0,0,16,,0,0xFffE4eE5D8BdFE534F6df350c36842be9652B0c5
0,1,vault,1982817.868616513868986843042,1:0xdCD90C7f6324cfa40d7169ef80b12031770B4325,0,1982817.868616513868986843042,67,1982817.868616513868986843042,0,1982817.868616513868986843042,592,,525,0xdCD90C7f6324cfa40d7169ef80b12031770B4325
0,1,vault,5767.044363686261734930155201,1:0xe11ba472F74869176652C35D30dB89854b5ae84D,0,5767.044363686261734930155201,6,5767.044363686261734930155201,0,5767.044363686261734930155201,6,,0,0xe11ba472F74869176652C35D30dB89854b5ae84D
0,1,vault,1759.01142780163827816328,1:0xcB550A6D4C8e3517A939BC79d0c7093eb7cF56B5,0,1759.01142780163827816328,7,1759.01142780163827816328,0,1759.01142780163827816328,7,,0,0xcB550A6D4C8e3517A939BC79d0c7093eb7cF56B5
0,1,vault,877.3454983147845180639442527,1:0xe9Dc63083c464d6EDcCFf23444fF3CFc6886f6FB,0,877.3454983147845180639442527,2,877.3454983147845180639442527,0,877.3454983147845180639442527,132,,130,0xe9Dc63083c464d6EDcCFf23444fF3CFc6886f6FB
0,1,vault,47.22574872939746697498815491,1:0xf8768814b88281DE4F532a3beEfA5b85B69b9324,0,47.22574872939746697498815491,1,47.22574872939746697498815491,0,47.22574872939746697498815491,69,,68,0xf8768814b88281DE4F532a3beEfA5b85B69b9324
0,1,vault,1425.859751000643647628467380,1:0xf2db9a7c0ACd427A680D640F02d90f6186E71725,0,1425.859751000643647628467380,2,1425.859751000643647628467380,0,1425.859751000643647628467380,201,,199,0xf2db9a7c0ACd427A680D640F02d90f6186E71725
0,1,vault,26503968.45875981140991381991,1:0xdA816459F1AB5631232FE5e97a05BBBb94970c95,5576.024301827700594398918482,26498392.43445798370931942101,1046,26503968.45875981140991381991,5576.024301827700594398918482,26498392.43445798370931942101,1046,,0,0xdA816459F1AB5631232FE5e97a05BBBb94970c95
0,1,vault,111261.9984048994990613273002,1:0xd9788f3931Ede4D5018184E198699dC6d66C1915,0,111261.9984048994990613273002,97,111261.9984048994990613273002,0,111261.9984048994990613273002,97,,0,0xd9788f3931Ede4D5018184E198699dC6d66C1915
0,1,vault,578335.3948102870666529172928,1:0xdb25cA703181E7484a155DD612b06f57E12Be5F0,0.000000004008186828902957412059,578335.3948102830584660883898,74,578335.3948102870666529172928,0.000000004008186828902957412059,578335.3948102830584660883898,74,,0,0xdb25cA703181E7484a155DD612b06f57E12Be5F0
0,1,vault,30.07618793324937603619011529,1:0xd8C620991b8E626C099eAaB29B1E3eEa279763bb,0,30.07618793324937603619011529,1,30.07618793324937603619011529,0,30.07618793324937603619011529,16,,15,0xd8C620991b8E626C099eAaB29B1E3eEa279763bb
0,1,vault,9428.350529259531277869829264,1:0xd88dBBA3f9c4391Ee46f5FF548f289054db6E51C,0,9428.350529259531277869829264,3,9428.350529259531277869829264,0,9428.350529259531277869829264,17,,14,0xd88dBBA3f9c4391Ee46f5FF548f289054db6E51C
0,1,vault,242066.8983356750189470808384,1:0xc97232527B62eFb0D8ed38CF3EA103A6CcA4037e,0,242066.8983356750189470808384,58,242066.8983356750189470808384,0,242066.8983356750189470808384,58,,0,0xc97232527B62eFb0D8ed38CF3EA103A6CcA4037e
0,1,vault,38.00900375842827109926767993,1:0xc97511a1dDB162C8742D39FF320CfDCd13fBcf7e,0,38.00900375842827109926767993,16,38.00900375842827109926767993,0,38.00900375842827109926767993,16,,0,0xc97511a1dDB162C8742D39FF320CfDCd13fBcf7e
0,1,vault,4914.831468057148912120020948,1:0xc5F3D11580c41cD07104e9AF154Fc6428bb93c73,0,4914.831468057148912120020948,8,4914.831468057148912120020948,0,4914.831468057148912120020948,15,,7,0xc5F3D11580c41cD07104e9AF154Fc6428bb93c73
0,1,vault,41120.69574068082729403199998,1:0xe5F625e8f4D2A038AE9583Da254945285E5a77a4,0,41120.69574068082729403199998,82,41120.69574068082729403199998,0,41120.69574068082729403199998,86,,4,0xe5F625e8f4D2A038AE9583Da254945285E5a77a4
0,1,vault,12314.71176546309999662738883,1:0xe1747F4D30479D7a2DCFEa5af69fb86B8f71cCeC,0,12314.71176546309999662738883,57,12314.71176546309999662738883,0,12314.71176546309999662738883,63,,6,0xe1747F4D30479D7a2DCFEa5af69fb86B8f71cCeC
0,1,vault,4288.402668592349770041179017,1:0xbE4afE6737CCf34cA21cdeF461E5C7547Adc8C77,0,4288.402668592349770041179017,9,4288.402668592349770041179017,0,4288.402668592349770041179017,29,,20,0xbE4afE6737CCf34cA21cdeF461E5C7547Adc8C77
0,1,vault,431.0520142100685510908996882,1:0xd6b2f4F0586BCfc9B1bf5cD8E22546aDD7B81a64,0,431.0520142100685510908996882,29,431.0520142100685510908996882,0,431.0520142100685510908996882,29,,0,0xd6b2f4F0586BCfc9B1bf5cD8E22546aDD7B81a64
0,1,vault,0,1:0xe80Cc7b2b69f32999766c1a0035ab77E8fb5B99C,0,0,9,0,0,0,9,,0,0xe80Cc7b2b69f32999766c1a0035ab77E8fb5B99C
0,1,vault,1431.373671121412437085573964,1:0xc869206adAfD3D874dB22e8BbA662E05F6257613,0,1431.373671121412437085573964,14,1431.373671121412437085573964,0,1431.373671121412437085573964,31,,17,0xc869206adAfD3D874dB22e8BbA662E05F6257613
0,1,vault,0,1:0xca46d6e44499AfbD8795f8F86910F068a6bF1a7c,0,0,26,0,0,0,28,,2,0xca46d6e44499AfbD8795f8F86910F068a6bF1a7c
0,1,vault,0,1:0xc688c419f2407670463068CE540528B9a710AE7F,0,0,2,0,0,0,2,,0,0xc688c419f2407670463068CE540528B9a710AE7F
0,1,vault,0,1:0xdADbB5472474E612A6fA9d82d3395DEA5829a52a,0,0,5,0,0,0,5,,0,0xdADbB5472474E612A6fA9d82d3395DEA5829a52a
0,1,vault,0,1:0xe8b96C38a0b370eAfb11D9b8Df4131415423577a,0,0,1,0,0,0,1,,0,0xe8b96C38a0b370eAfb11D9b8Df4131415423577a
0,1,vault,13832.62897594678972495944927,1:0xcd68c3fC3e94C5AcC10366556b836855D96bfa93,0,13832.62897594678972495944927,24,13832.62897594678972495944927,0,13832.62897594678972495944927,41,,17,0xcd68c3fC3e94C5AcC10366556b836855D96bfa93
0,1,vault,0,1:0xbf91b696a35b539b1142e2f921A2A88BB019506a,0,0,3,0,0,0,3,,0,0xbf91b696a35b539b1142e2f921A2A88BB019506a
0,1,vault,2941.802799300277070499913651,1:0xd6627F7dE81eB517A32F0F81537Ea2636B27B8CC,0,2941.802799300277070499913651,28,2941.802799300277070499913651,0,2941.802799300277070499913651,28,,0,0xd6627F7dE81eB517A32F0F81537Ea2636B27B8CC
0,1,vault,7295.744563793498954936687821,1:0xe2277cC76f806925DC6c9a5E4E5933605f43c3c4,0,7295.744563793498954936687821,35,7295.744563793498954936687821,0,7295.744563793498954936687821,36,,1,0xe2277cC76f806925DC6c9a5E4E5933605f43c3c4
0,1,vault,92467.07046634337094733204926,1:0xfb5137Aa9e079DB4b7C2929229caf503d0f6DA96,0,92467.07046634337094733204926,133,92467.07046634337094733204926,0,92467.07046634337094733204926,136,,3,0xfb5137Aa9e079DB4b7C2929229caf503d0f6DA96
0,1,vault,7430.635283956504133108046634,1:0xd02b103f7f5dba89Ad316E2b3Fe247F280CcE5b2,0,7430.635283956504133108046634,52,7430.635283956504133108046634,0,7430.635283956504133108046634,64,,12,0xd02b103f7f5dba89Ad316E2b3Fe247F280CcE5b2
0,1,vault,0,1:0xf70B3F1eA3BFc659FFb8b27E84FAE7Ef38b5bD3b,0,0,68,0,0,0,112,,44,0xf70B3F1eA3BFc659FFb8b27E84FAE7Ef38b5bD3b
0,1,vault,478510.1580395094395080337478,1:0xbA61BaA1D96c2F4E25205B331306507BcAeA4677,0,478510.1580395094395080337478,111,478510.1580395094395080337478,0,478510.1580395094395080337478,125,,14,0xbA61BaA1D96c2F4E25205B331306507BcAeA4677
0,1,vault,34658.57144090339069719729079,1:0xd901DCf4948a29d7D9D7E015AAF61591825AC267,0,34658.57144090339069719729079,37,34658.57144090339069719729079,0,34658.57144090339069719729079,39,,2,0xd901DCf4948a29d7D9D7E015AAF61591825AC267
0,1,vault,0,1:0xbA8e83CC28B54bB063984033Df20F9a9F1220C24,0,0,0,0,0,0,16,,16,0xbA8e83CC28B54bB063984033Df20F9a9F1220C24
0,1,vault,413.6824697208538867630778905,1:0xbcccE9991D2C8A8056D677c0c52C20ac901f39eC,0,413.6824697208538867630778905,52,413.6824697208538867630778905,0,413.6824697208538867630778905,62,,10,0xbcccE9991D2C8A8056D677c0c52C20ac901f39eC
0,1,vault,20882.53875741113582255257062,1:0xcC2EFb8bEdB6eD69ADeE0c3762470c38D4730C50,0,20882.53875741113582255257062,44,20882.53875741113582255257062,0,20882.53875741113582255257062,78,,34,0xcC2EFb8bEdB6eD69ADeE0c3762470c38D4730C50
0,1,vault,142237.6395382820135663191057,1:0xbCe40f1840A449cAAaF374Df0A1fEe1e212784CB,0,142237.6395382820135663191057,330,142237.6395382820135663191057,0,142237.6395382820135663191057,369,,39,0xbCe40f1840A449cAAaF374Df0A1fEe1e212784CB
0,1,vault,0,1:0xfF11566C1Bfe3c625804c9cd707dD2f36797BF1D,0,0,0,0,0,0,2,,2,0xfF11566C1Bfe3c625804c9cd707dD2f36797BF1D
0,1,vault,0,1:0xd6A528faAd34Fe51c6F181acF43C1E20db4f84aC,0,0,0,0,0,0,2,,2,0xd6A528faAd34Fe51c6F181acF43C1E20db4f84aC
0,1,vault,0,1:0xc325849908D482550b87f96ef60271B95f92C861,0,0,0,0,0,0,2,,2,0xc325849908D482550b87f96ef60271B95f92C861
0,1,vault,0,1:0xcE71767158421482C39E72f209A7A8ef3A0c669d,0,0,1,0,0,0,2,,1,0xcE71767158421482C39E72f209A7A8ef3A0c669d
0,1,vault,0,1:0xfb9A680825f29972629b2295E050f74CB2f4992b,0,0,0,0,0,0,2,,2,0xfb9A680825f29972629b2295E050f74CB2f4992b
0,1,vault,2701.156455267536585565495719,1:0xfBd4d8bf19c67582168059332c46567563d0d75f,0,2701.156455267536585565495719,46,2701.156455267536585565495719,0,2701.156455267536585565495719,46,,0,0xfBd4d8bf19c67582168059332c46567563d0d75f
0,1,vault,16791.13458077835683589196650,1:0xe7c25cb1eac7D870F3cD103cBB060A6DFbc5eaF2,0,16791.13458077835683589196650,60,16791.13458077835683589196650,0,16791.13458077835683589196650,60,,0,0xe7c25cb1eac7D870F3cD103cBB060A6DFbc5eaF2
0,1,vault,59753.78238956975788221130813,1:0xc7C1B907BCD3194C0D9bFA2125251af98BdDAfbb,0,59753.78238956975788221130813,189,59753.78238956975788221130813,0,59753.78238956975788221130813,189,,0,0xc7C1B907BCD3194C0D9bFA2125251af98BdDAfbb
0,1,vault,917557.0552427003026005066650,1:0xf165a634296800812B8B0607a75DeDdcD4D3cC88,0,917557.0552427003026005066650,699,917557.0552427003026005066650,0,917557.0552427003026005066650,727,,28,0xf165a634296800812B8B0607a75DeDdcD4D3cC88
0,1,vault,38907.96710714427132012177791,1:0xb7b1C394b3F82091988A1e400C6499178eE64b99,0,38907.96710714427132012177791,101,38907.96710714427132012177791,0,38907.96710714427132012177791,102,,1,0xb7b1C394b3F82091988A1e400C6499178eE64b99
0,1,vault,1574.347304703743686171426103,1:0xfC0a3397c73ca69E697C8b98D5E1887e409F289a,0,1574.347304703743686171426103,15,1574.347304703743686171426103,0,1574.347304703743686171426103,15,,0,0xfC0a3397c73ca69E697C8b98D5E1887e409F289a
0,1,vault,13020.21769544372495271056633,1:0xce2f57252644Db26c76011aD490553d88C3B9030,0,13020.21769544372495271056633,45,13020.21769544372495271056633,0,13020.21769544372495271056633,46,,1,0xce2f57252644Db26c76011aD490553d88C3B9030
0,1,vault,13721.59464818492577380939737,1:0xc9e146B126f4ca0Aa8edA3BDBCd76a960B4dcba7,0,13721.59464818492577380939737,68,13721.59464818492577380939737,0,13721.59464818492577380939737,90,,22,0xc9e146B126f4ca0Aa8edA3BDBCd76a960B4dcba7
0,1,vault,62659.13954165912006878766027,1:0xe3Bf2D04cd3B6e74613D36368c7D21B2d6C26d72,0,62659.13954165912006878766027,104,62659.13954165912006878766027,0,62659.13954165912006878766027,106,,2,0xe3Bf2D04cd3B6e74613D36368c7D21B2d6C26d72
0,1,vault,0,1:0xc52d44abA4B7739173821afF175aEb53367E629E,0,0,0,0,0,0,1,,1,0xc52d44abA4B7739173821afF175aEb53367E629E
0,1,vault,79359.67531468102323539525090,1:0xe0287cA62fE23f4FFAB827d5448d68aFe6DD9Fd7,0,79359.67531468102323539525090,105,79359.67531468102323539525090,0,79359.67531468102323539525090,105,,0,0xe0287cA62fE23f4FFAB827d5448d68aFe6DD9Fd7
0,1,vault,315.5803587658823466487376082,1:0xeC456f00E1f1a6A9097b723Ab979c27AB45C5906,0,315.5803587658823466487376082,49,315.5803587658823466487376082,0,315.5803587658823466487376082,49,,0,0xeC456f00E1f1a6A9097b723Ab979c27AB45C5906
0,1,vault,68641.41622012707667748416280,1:0xc952f3028E322da48e239A077b810A24556f36f1,0,68641.41622012707667748416280,87,68641.41622012707667748416280,0,68641.41622012707667748416280,87,,0,0xc952f3028E322da48e239A077b810A24556f36f1
0,1,vault,0,1:0xbCf0Ebe75e99395B6b56138A6E580E3Be560eE74,0,0,26,0,0,0,26,,0,0xbCf0Ebe75e99395B6b56138A6E580E3Be560eE74
0,1,vault,792.7979026765474355997935155,1:0xe9a4F7119BF549F65465551DE3C31FfD8D3B22f4,0,792.7979026765474355997935155,38,792.7979026765474355997935155,0,792.7979026765474355997935155,38,,0,0xe9a4F7119BF549F65465551DE3C31FfD8D3B22f4
0,1,vault,0,1:0xb83461b887398CD981957BD93CB7067cF89c21C0,0,0,9,0,0,0,9,,0,0xb83461b887398CD981957BD93CB7067cF89c21C0
0,1,vault,954794.3752502313665395126926,1:0x028eC7330ff87667b6dfb0D94b954c820195336c,0,954794.3752502313665395126926,153,954794.3752502313665395126926,0,954794.3752502313665395126926,153,,0,0x028eC7330ff87667b6dfb0D94b954c820195336c
0,1,vault,188173.6288076188956478615060,1:0x92545bCE636E6eE91D88D2D017182cD0bd2fC22e,0,188173.6288076188956478615060,237,188173.6288076188956478615060,0,188173.6288076188956478615060,237,,0,0x92545bCE636E6eE91D88D2D017182cD0bd2fC22e
0,1,vault,318055.2128677070680284277263,1:0xAc37729B76db6438CE62042AE1270ee574CA7571,0.00000000000000768520,318055.2128677070680207425263,365,318055.2128677070680284277263,0.00000000000000768520,318055.2128677070680207425263,365,,0,0xAc37729B76db6438CE62042AE1270ee574CA7571
0,1,vault,317282.4030817964222631542741,1:0xc56413869c6CDf96496f2b1eF801fEDBdFA7dDB0,0.000000000000002490430283172232,317282.4030817964222606638437,304,317282.4030817964222631542741,0.000000000000002490430283172232,317282.4030817964222606638437,304,,0,0xc56413869c6CDf96496f2b1eF801fEDBdFA7dDB0
0,1,vault,1540148.374645685632969739638,1:0xBe53A109B494E5c9f97b9Cd39Fe969BE68BF6204,0.0000009998153388166527,1540148.374644685817630922984,360,1540148.374645685632969739638,0.0000009998153388166527,1540148.374644685817630922984,360,,0,0xBe53A109B494E5c9f97b9Cd39Fe969BE68BF6204
0,1,vault,285955.8324367840855964796682,1:0xBF319dDC2Edc1Eb6FDf9910E39b37Be221C8805F,0,285955.8324367840855964796682,669,285955.8324367840855964796682,0,285955.8324367840855964796682,669,,0,0xBF319dDC2Edc1Eb6FDf9910E39b37Be221C8805F
0,1,vault,38070.4654822461974230569706,1:0xAe7d8Db82480E6d8e3873ecbF22cf17b3D8A7308,0.000000999867,38070.4654812463304230569706,258,38070.4654822461974230569706,0.000000999867,38070.4654812463304230569706,258,,0,0xAe7d8Db82480E6d8e3873ecbF22cf17b3D8A7308
0,1,vault,43362.45592544418645696381362,1:0x11AaE8beE9b1Da827C641540D20e4e664677e06F,0,43362.45592544418645696381362,16,43362.45592544418645696381362,0,43362.45592544418645696381362,34,,18,0x11AaE8beE9b1Da827C641540D20e4e664677e06F
0,1,vault,594690.5852067296126987146097,1:0x310B7Ea7475A0B449Cfd73bE81522F1B88eFAFaa,0.0002280927379603461972,594690.5849786368747383684125,221,594690.5852067296126987146097,0.0002280927379603461972,594690.5849786368747383684125,221,,0,0x310B7Ea7475A0B449Cfd73bE81522F1B88eFAFaa
0,1,vault,61.718122318975,1:0x4Dd0FE8549641A04d7ab4f37dbb541aE7dBb2838,0,61.718122318975,29,61.718122318975,0,61.718122318975,29,,0,0x4Dd0FE8549641A04d7ab4f37dbb541aE7dBb2838
0,1,vault,1715294.469518462349662969321,1:0x182863131F9a4630fF9E27830d945B1413e347E8,0.0000000000000000029991430452045891,1715294.469518462349662966323,662,1715294.469518462349662969321,0.0000000000000000029991430452045891,1715294.469518462349662966323,662,,0,0x182863131F9a4630fF9E27830d945B1413e347E8
0,1,vault,8327.062660062363948700377602,1:0xA89E83E39c8A1cB173D7a0c0201Cd3956B57db6d,0,8327.062660062363948700377602,135,8327.062660062363948700377602,0,8327.062660062363948700377602,135,,0,0xA89E83E39c8A1cB173D7a0c0201Cd3956B57db6d
0,1,vault,20502.82965849060948488393754,1:0x1017C97C03d6738c358576735DE76028f2395625,0,20502.82965849060948488393754,142,20502.82965849060948488393754,0,20502.82965849060948488393754,142,,0,0x1017C97C03d6738c358576735DE76028f2395625
0,1,vault,3663.751202360616672289908118,1:0xB35b02E3353BE80A5648F5299b0336579BCf64a0,0,3663.751202360616672289908118,149,3663.751202360616672289908118,0,3663.751202360616672289908118,149,,0,0xB35b02E3353BE80A5648F5299b0336579BCf64a0
0,1,vault,11316.31795036543437771175899,1:0xf9A7084Ec30238495b3F5C51f05BA7Cd1C358dcF,0,11316.31795036543437771175899,130,11316.31795036543437771175899,0,11316.31795036543437771175899,130,,0,0xf9A7084Ec30238495b3F5C51f05BA7Cd1C358dcF
0,1,vault,1419.2536191613033478803292,1:0x22028E652a2e937c876F2577f8E78f692d6DAA93,0,1419.2536191613033478803292,77,1419.2536191613033478803292,0,1419.2536191613033478803292,77,,0,0x22028E652a2e937c876F2577f8E78f692d6DAA93
0,1,vault,163.8407484823750945066225342,1:0xC5Ab829B2f7Cb3E869949747BC8c6F66ef2250Cc,0,163.8407484823750945066225342,77,163.8407484823750945066225342,0,163.8407484823750945066225342,77,,0,0xC5Ab829B2f7Cb3E869949747BC8c6F66ef2250Cc
0,1,vault,0.007506768015700596344721058776,1:0x560C0f86124472d6a649aC347A7c3415C34F2929,0,0.007506768015700596344721058776,77,0.007506768015700596344721058776,0,0.007506768015700596344721058776,77,,0,0x560C0f86124472d6a649aC347A7c3415C34F2929
0,1,vault,0,1:0x3f540647b08e3E9bcD297e065e42E6CDAF37eBa0,0,0,3,0,0,0,3,,0,0x3f540647b08e3E9bcD297e065e42E6CDAF37eBa0
0,1,vault,347.964332328923,1:0x7B5A0182E400b241b317e781a4e9dEdFc1429822,0,347.964332328923,167,347.964332328923,0,347.964332328923,167,,0,0x7B5A0182E400b241b317e781a4e9dEdFc1429822
0,1,vault,160.7836836759642773750006,1:0x48c03B6FfD0008460F8657Db1037C7e09dEedfcb,0,160.7836836759642773750006,168,160.7836836759642773750006,0,160.7836836759642773750006,168,,0,0x48c03B6FfD0008460F8657Db1037C7e09dEedfcb
0,1,vault,0,1:0x92C82f5F771F6A44CfA09357DD0575B81BF5F728,0,0,87,0,0,0,87,,0,0x92C82f5F771F6A44CfA09357DD0575B81BF5F728
0,1,vault,129.19100019241677510895,1:0xcc6a16Be713f6a714f68b0E1f4914fD3db15fBeF,0,129.19100019241677510895,167,129.19100019241677510895,0,129.19100019241677510895,167,,0,0xcc6a16Be713f6a714f68b0E1f4914fD3db15fBeF
0,1,vault,891.26239157078914424002,1:0x751F0cC6115410A3eE9eC92d08f46Ff6Da98b708,0.002341100,891.26005047078914424002,62,891.26239157078914424002,0.002341100,891.26005047078914424002,62,,0,0x751F0cC6115410A3eE9eC92d08f46Ff6Da98b708
0,1,vault,499352.9665391662615073061354,1:0x9F4330700a36B29952869fac9b33f45EEdd8A3d8,0,499352.9665391662615073061354,1114,499352.9665391662615073061354,0,499352.9665391662615073061354,1114,,0,0x9F4330700a36B29952869fac9b33f45EEdd8A3d8
0,1,vault,1095.738298297286512413927947,1:0x0aBd93dA8387B5Ef0511a2859d85D84fe4519e94,0,1095.738298297286512413927947,35,1095.738298297286512413927947,0,1095.738298297286512413927947,171,,136,0x0aBd93dA8387B5Ef0511a2859d85D84fe4519e94
0,1,vault,71614.24743322576309100186039,1:0xaF71a4f5d93fb88B24C67760BCF9688a6C3A54D4,0,71614.24743322576309100186039,99,71614.24743322576309100186039,0,71614.24743322576309100186039,99,,0,0xaF71a4f5d93fb88B24C67760BCF9688a6C3A54D4
0,1,vault,24545.52600396398411625824640,1:0xC0C31393C0B406C9cCfDBFb772202ce3A7cb667E,0,24545.52600396398411625824640,83,24545.52600396398411625824640,0,24545.52600396398411625824640,84,,1,0xC0C31393C0B406C9cCfDBFb772202ce3A7cb667E
0,1,vault,0,1:0xF470EB50B4a60c9b069F7Fd6032532B8F5cC014d,0,0,42,0,0,0,42,,0,0xF470EB50B4a60c9b069F7Fd6032532B8F5cC014d
0,1,vault,0,1:0xA5DaB32DbE68E6fa784e1e50e4f620a0477D3896,0,0,42,0,0,0,42,,0,0xA5DaB32DbE68E6fa784e1e50e4f620a0477D3896
0,1,vault,0,1:0xe1Ac97e2616Ad80f69f705ff007A4bbb3655544a,0,0,42,0,0,0,42,,0,0xe1Ac97e2616Ad80f69f705ff007A4bbb3655544a
0,1,vault,0,1:0x77570CfEcf83bc6bB08E2cD9e8537aeA9F97eA2F,0,0,42,0,0,0,42,,0,0x77570CfEcf83bc6bB08E2cD9e8537aeA9F97eA2F
0,1,vault,78754.58548814293097169984493,1:0x1F6f16945e395593d8050d6Cc33e4328a515B648,0,78754.58548814293097169984493,30,78754.58548814293097169984493,0,78754.58548814293097169984493,30,,0,0x1F6f16945e395593d8050d6Cc33e4328a515B648
0,1,vault,117109.6358915837762147733144,1:0x696d02Db93291651ED510704c9b286841d506987,0.0000009998227456115064,117109.6358905839534691618080,306,117109.6358915837762147733144,0.0000009998227456115064,117109.6358905839534691618080,306,,0,0x696d02Db93291651ED510704c9b286841d506987
0,1,vault,77582.56273416960044774368185,1:0xd7a540ba3626c0aa66e7DB4088971d0CD64695B6,0,77582.56273416960044774368185,23,77582.56273416960044774368185,0,77582.56273416960044774368185,23,,0,0xd7a540ba3626c0aa66e7DB4088971d0CD64695B6
0,747474,vault,186819.9366285303651736507648,747474:0x93Fec6639717b6215A48E5a72a162C50DCC40d68,0,186819.9366285303651736507648,369,186819.9366285303651736507648,0,186819.9366285303651736507648,369,,0,0x93Fec6639717b6215A48E5a72a162C50DCC40d68
0,747474,vault,977402.3654529005644763385657,747474:0xE007CA01894c863d7898045ed5A3B4Abf0b18f37,71.51605071133107597480665723,977330.8494021892334003637591,221,977402.3654529005644763385657,71.51605071133107597480665723,977330.8494021892334003637591,221,,0,0xE007CA01894c863d7898045ed5A3B4Abf0b18f37
0,747474,vault,504305.2110545014269867696091,747474:0x9A6bd7B6Fd5C4F87eb66356441502fc7dCdd185B,0,504305.2110545014269867696091,165,504305.2110545014269867696091,0,504305.2110545014269867696091,165,,0,0x9A6bd7B6Fd5C4F87eb66356441502fc7dCdd185B
0,747474,vault,23264.45395186220525053560,747474:0xAa0362eCC584B985056E47812931270b99C91f9d,731.62671139922263478844,22532.82724046298261574716,245,23264.45395186220525053560,731.62671139922263478844,22532.82724046298261574716,245,,0,0xAa0362eCC584B985056E47812931270b99C91f9d
0,747474,vault,1629179.878751962214673507730,747474:0x80c34BD3A3569E126e7055831036aa7b212cB159,0,1629179.878751962214673507730,299,1629179.878751962214673507730,0,1629179.878751962214673507730,299,,0,0x80c34BD3A3569E126e7055831036aa7b212cB159
0,747474,vault,0,747474:0x1769111aA8EA46fee3BA23EF9B57F3CBe1873408,19976.88904372901370873554619,-19976.88904372901370873554619,22,0,19976.88904372901370873554619,-19976.88904372901370873554619,22,,0,0x1769111aA8EA46fee3BA23EF9B57F3CBe1873408
0,137,vault,172764.6314021793835225798136,137:0xA013Fbd4b711f9ded6fB09C1c0d358E2FbC2EAA0,0.000000998468,172764.6314011809155225798136,233,172764.6314021793835225798136,0.000000998468,172764.6314011809155225798136,241,,8,0xA013Fbd4b711f9ded6fB09C1c0d358E2FbC2EAA0
0,137,vault,5343.235592066917614202849553,137:0x28F53bA70E5c8ce8D03b1FaD41E9dF11Bb646c36,0,5343.235592066917614202849553,169,5343.235592066917614202849553,0,5343.235592066917614202849553,169,,0,0x28F53bA70E5c8ce8D03b1FaD41E9dF11Bb646c36
0,137,vault,2395.796306919361249725065689,137:0x305F25377d0a39091e99B975558b1bdfC3975654,0,2395.796306919361249725065689,87,2395.796306919361249725065689,0,2395.796306919361249725065689,149,,62,0x305F25377d0a39091e99B975558b1bdfC3975654
0,137,vault,20096.9039236412212111258250,137:0xBb287E6017d3DEb0e2E65061e8684eab21060123,0,20096.9039236412212111258250,183,20096.9039236412212111258250,0,20096.9039236412212111258250,320,,137,0xBb287E6017d3DEb0e2E65061e8684eab21060123
0,137,vault,41633.29317447059772020213202,137:0x90b2f54C6aDDAD41b8f6c4fCCd555197BC0F773B,0,41633.29317447059772020213202,175,41633.29317447059772020213202,0,41633.29317447059772020213202,237,,62,0x90b2f54C6aDDAD41b8f6c4fCCd555197BC0F773B
0,137,vault,103745.3446226768633126515442,137:0x34b9421Fe3d52191B64bC32ec1aB764dcBcDbF5e,0.0000009997056393321041,103745.3446216771576733194401,279,103745.3446226768633126515442,0.0000009997056393321041,103745.3446216771576733194401,279,,0,0x34b9421Fe3d52191B64bC32ec1aB764dcBcDbF5e
0,137,vault,1104.8493997512395775714276,137:0x335Bc8366545FaA446e0c1f639617aC40061f2EF,0,1104.8493997512395775714276,56,1104.8493997512395775714276,0,1104.8493997512395775714276,56,,0,0x335Bc8366545FaA446e0c1f639617aC40061f2EF
